id,name,externalid,,,,
1,Aeugst am Albis,,,,0,Aadorf
10,Obfelden,,,,1,Aarau
100,Stadel,,,,2,Aarberg
1001,Doppleschwand,,,,3,Aarburg
1002,Entlebuch,,,,4,Aarwangen
1004,Flühli,,,,5,Abtwil
1005,Hasle ,,,,6,Aclens
1007,Romoos,,,,7,Acquarossa
1008,Schüpfheim,,,,8,Adelboden
1009,Werthenstein,,,,9,Adligenswil
101,Steinmaur,,,,10,Adliswil
1010,Escholzmatt-Marbach,,,,11,Aedermannsdorf
102,Weiach,,,,12,Aefligen
1021,Aesch ,,,,13,Aegerten
1023,Ballwil,,,,14,Aesch
1024,Emmen,,,,15,Aesch bei Spiez
1025,Ermensee,,,,16,Aeschi bei Spiez
1026,Eschenbach ,,,,17,Aeschlen
1031,Hochdorf,,,,18,Affeltrangen
1032,Hohenrain,,,,19,Agno
1033,Inwil,,,,20,Aigle
1037,Rain,,,,21,Aigles
1039,Römerswil,,,,22,Airolo
1040,Rothenburg,,,,23,Alberswil
1041,Schongau,,,,24,Albeuve
1051,Adligenswil,,,,25,Allenwinden
1052,Buchrain,,,,26,Allschwil
1053,Dierikon,,,,27,Alpnach Dorf
1054,Ebikon,,,,28,Alt St. Johann
1055,Gisikon,,,,29,Altbüron
1056,Greppen,,,,30,Altdorf
1057,Honau,,,,31,Altenrhein
1058,Horw,,,,32,Alterswil
1059,Kriens,,,,33,Altikon
1061,Luzern,,,,34,Altishofen
1062,Malters,,,,35,Altnau
1063,Meggen,,,,36,Altstätten
1064,Meierskappel,,,,37,Amden
1065,Root,,,,38,Amlikon-Bissegg
1066,Schwarzenberg,,,,39,Ammerswil
1067,Udligenswil,,,,40,Andelfingen
1068,Vitznau,,,,41,Andermatt
1069,Weggis,,,,42,Andhausen
1081,Beromünster,,,,43,Anglikon
1082,Büron,,,,44,Anglikon (Wohlen AG)
1083,Buttisholz,,,,45,Appenzell
1084,Eich,,,,46,Appenzell AI
1085,Geuensee,,,,47,Appenzell Steinegg
1086,Grosswangen,,,,48,Appenzell-Steinegg
1088,Hildisrieden,,,,49,Apples
1089,Knutwil,,,,50,Arbaz
1091,Mauensee,,,,51,Arbedo-Castione
1093,Neuenkirch,,,,52,Arbon
1094,Nottwil,,,,53,Arconciel
1095,Oberkirch,,,,54,Ardon
1097,Rickenbach ,,,,55,Arisdorf
1098,Ruswil,,,,56,Arlesheim
1099,Schenkon,,,,57,Arnegg
11,Ottenbach,,,,58,Arni
1100,Schlierbach,,,,59,Arosio
1102,Sempach,,,,60,Arth
1103,Sursee,,,,61,Attalens
1104,Triengen,,,,62,Attelwil
1107,Wolhusen,,,,63,Attinghausen
111,Bäretswil,,,,64,Attiswil
112,Bubikon,,,,65,Au
1121,Alberswil,,,,66,Aubonne
1122,Altbüron,,,,67,Auenstein
1123,Altishofen,,,,68,Augst
1125,Dagmersellen,,,,69,Auslikon
1127,Egolzwil,,,,70,Auvernier
1128,Ettiswil,,,,71,Aven
1129,Fischbach,,,,72,Avrt-Dt-Pont
113,Dürnten,,,,73,Avry
1131,Grossdietwil,,,,74,Avry-Dt-Pont
1132,Hergiswil bei Willisau,,,,75,Avry-devant-Pont
1135,Luthern,,,,76,Ayent
1136,Menznau,,,,77,Azmoos
1137,Nebikon,,,,78,BEX
1139,Pfaffnau,,,,79,BURE
114,Fischenthal,,,,80,Baar
1140,Reiden,,,,81,Bachs
1142,Roggliswil,,,,82,Bad Ragaz
1143,Schötz,,,,83,Baden
1145,Ufhusen,,,,84,Baldingen
1146,Wauwil,,,,85,Balgach
1147,Wikon,,,,86,Ballaigues
115,Gossau (ZH),,,,87,Ballwil
1150,Zell ,,,,88,Baltschieder
116,Grüningen,,,,89,Banco di Bedigliola
117,Hinwil,,,,90,Bargen
118,Rüti (ZH),,,,91,Barzheim
119,Seegräben,,,,92,Basadingen
12,Rifferswil,,,,93,Basel
120,Wald (ZH),,,,94,Bassersdorf
1201,Altdorf ,,,,95,Bauen
1202,Andermatt,,,,96,Baulmes
1203,Attinghausen,,,,97,Bauma
1205,Bürglen ,,,,98,Bavois
1206,Erstfeld,,,,99,Bazenheid
1207,Flüelen,,,,100,Beckenried
1208,Göschenen,,,,101,Bedano
1209,Gurtnellen,,,,102,Begnins
121,Wetzikon (ZH),,,,103,Beinwil a.See
1210,Hospental,,,,104,Beinwil am See
1211,Isenthal,,,,105,Belfaux
1212,Realp,,,,106,Bellach
1213,Schattdorf,,,,107,Bellerive
1215,Seelisberg,,,,108,Bellevue
1216,Silenen,,,,109,Bellinzona
1217,Sisikon,,,,110,Bellwald
1218,Spiringen,,,,111,Belmont
1219,Unterschächen,,,,112,Belp
1220,Wassen,,,,113,Belprahon
13,Stallikon,,,,114,Benken
1301,Einsiedeln,,,,115,Bennau
131,Adliswil,,,,116,Benzenschwil
1311,Gersau,,,,117,Berg
1321,Feusisberg,,,,118,Berg SG
1322,Freienbach,,,,119,Berg TG
1323,Wollerau,,,,120,Bergdietikon
1331,Küssnacht ,,,,121,Bergdietikon AG
1341,Altendorf,,,,122,Bergün
1342,Galgenen,,,,123,Berikon
1343,Innerthal,,,,124,Beringen
1344,Lachen,,,,125,Berlingen
1345,Reichenburg,,,,126,Bern
1346,Schübelbach,,,,127,Berneck
1347,Tuggen,,,,128,Bernex
1348,Vorderthal,,,,129,Bernhardzell
1349,Wangen ,,,,130,Beromuenster
135,Kilchberg (ZH),,,,131,Beromünster
136,Langnau am Albis,,,,132,Bertschikon
1361,Alpthal,,,,133,Betschwanden
1362,Arth,,,,134,Bettlach
1363,Illgau,,,,135,Bettwil
1364,Ingenbohl,,,,136,Bevaix
1365,Lauerz,,,,137,Bever
1366,Morschach,,,,138,Biberist
1367,Muotathal,,,,139,Bibern
1368,Oberiberg,,,,140,Bichelsee-Balterswil
1369,Riemenstalden,,,,141,Bichwil
137,Oberrieden,,,,142,Biel
1370,Rothenthurm,,,,143,Biel-Benken
1371,Sattel,,,,144,Biel-Bienne
1372,Schwyz,,,,145,Biembach
1373,Steinen,,,,146,Biezwil
1374,Steinerberg,,,,147,Biglen
1375,Unteriberg,,,,148,Bignasco
138,Richterswil,,,,149,Billens
139,Rüschlikon,,,,150,Bilten
14,Wettswil am Albis,,,,151,Binn
1401,Alpnach,,,,152,Binningen
1402,Engelberg,,,,153,Bioggio
1403,Giswil,,,,154,Birmensdorf
1404,Kerns,,,,155,Birr
1405,Lungern,,,,156,Birsfelden
1406,Sachseln,,,,157,Bischofszell
1407,Sarnen,,,,158,Bissegg
141,Thalwil,,,,159,Bitsch
1501,Beckenried,,,,160,Bivio
1502,Buochs,,,,161,Bière
1503,Dallenwil,,,,162,Bleienbach
1504,Emmetten,,,,163,Bleiken
1505,Ennetbürgen,,,,164,Blonay
1506,Ennetmoos,,,,165,Blumenstein
1507,Hergiswil ,,,,166,Boenigen
1508,Oberdorf ,,,,167,Boll
1509,Stans,,,,168,Boll BE
151,Erlenbach (ZH),,,,169,Bolligen
1510,Stansstad,,,,170,Boltigen
1511,Wolfenschiessen,,,,171,Bonaduz
152,Herrliberg,,,,172,Boncourt
153,Hombrechtikon,,,,173,Boningen
154,Küsnacht (ZH),,,,174,Boniswil
155,Männedorf,,,,175,Bonstetten
156,Meilen,,,,176,Boppelsen
157,Oetwil am See,,,,177,Bossonnens
158,Stäfa,,,,178,Bottens
159,Uetikon am See,,,,179,Bottighofen
160,Zumikon,,,,180,Bottmingen
161,Zollikon,,,,181,Boudevilliers
1630,Glarus Nord,,,,182,Boudry
1631,Glarus Süd,,,,183,Boulens
1632,Glarus,,,,184,Bourguillon
1701,Baar,,,,185,Bovernier
1702,Cham,,,,186,Braunwald
1703,Hünenberg,,,,187,Braunwald GL
1704,Menzingen,,,,188,Breitenbach
1705,Neuheim,,,,189,Bremblens
1706,Oberägeri,,,,190,Bremgarten
1707,Risch,,,,191,Brent
1708,Steinhausen,,,,192,Bretonnieres
1709,Unterägeri,,,,193,Brienz
1710,Walchwil,,,,194,Brig
1711,Zug,,,,195,Brione S/ Minusio
172,Fehraltorf,,,,196,Brione s/Minusio
173,Hittnau,,,,197,Brislach
176,Lindau,,,,198,Brittnau
177,Pfäffikon,,,,199,Brunnadern
178,Russikon,,,,200,Brunnen
180,Weisslingen,,,,201,Brünisried
181,Wila,,,,202,Brütten
182,Wildberg,,,,203,Brüttisellen
191,Dübendorf,,,,204,Bubikon
192,Egg,,,,205,Buch
193,Fällanden,,,,206,Buch am Irchel
194,Greifensee,,,,207,Buchberg
195,Maur,,,,208,Buchs
196,Mönchaltorf,,,,209,Buchs SG
197,Schwerzenbach,,,,210,Buochs
198,Uster,,,,211,Buonas
199,Volketswil,,,,212,Burgdorf
2,Affoltern am Albis,,,,213,Bursins
200,Wangen-Brüttisellen,,,,214,Bussigny pres Lausanne
2008,Châtillon ,,,,215,Bussigny-près-Lausanne
2011,Cugy ,,,,216,Buttes
2016,Fétigny,,,,217,Buttikon
2022,Gletterens,,,,218,Buttisholz
2025,Lully ,,,,219,Buus
2027,Ménières,,,,220,Bächli
2029,Montagny ,,,,221,Bärau
2035,Nuvilly,,,,222,Bätterkinden
2038,Prévondavaux,,,,223,Böbikon
2041,Saint-Aubin ,,,,224,Bösingen
2043,Sévaz,,,,225,Büchslen
2045,Vallon,,,,226,Büetigen
2050,Les Montets,,,,227,Bühler
2051,Delley-Portalban,,,,228,Bülach
2053,Belmont-Broye,,,,229,Bürchen
2054,Estavayer,,,,230,Büren
2055,Cheyres-Châbles,,,,231,Bürg Neuhaus
2061,Auboranges,,,,232,Bürglen
2063,Billens-Hennens,,,,233,Büriswilen
2066,Chapelle (Glâne),,,,234,Bütschwil
2067,Le Châtelard,,,,235,Bützberg
2068,Châtonnaye,,,,236,CHigny
2072,Ecublens ,,,,237,Cademario
2079,Grangettes,,,,238,Camorino
2086,Massonnens,,,,239,Capriasca
2087,Mézières ,,,,240,Carabietta
2089,Montet (Glâne),,,,241,Carouge
2096,Romont ,,,,242,Carrouges
2097,Rue,,,,243,Castagnola
2099,Siviriez,,,,244,Cazis
21,Adlikon,,,,245,Celerina
2102,Ursy,,,,246,Cerniat
211,Altikon,,,,247,Chailly
2117,Villaz,,,,248,Chailly-Montreux
2113,Vuisternens-devant-Romont,,,,249,Cham
2114,Villorsonnens,,,,250,Chamoson
2115,Torny,,,,251,Champlan
2121,Haut-Intyamon,,,,252,Champvent
2122,Pont-en-Ogoz,,,,253,Chapelle-sur-Moudon
2123,Botterens,,,,254,Chardonne
2124,Broc,,,,255,Charmey
2125,Bulle,,,,256,Charrat
2128,Châtel-sur-Montsalvens,,,,257,Chateau de Ste Croix
2129,Corbières,,,,258,Chatel-st-Denis
213,Brütten,,,,259,Chaumont
2130,Crésuz,,,,260,Chavannes de Bogis
2131,Echarlens,,,,261,Chavannes-le-Veyron
2134,Grandvillard,,,,262,Chavornay
2135,Gruyères,,,,263,Chermignon
2137,Hauteville,,,,264,Cheseaux
2138,Jaun,,,,265,Chevenez
214,Dägerlen,,,,266,Chexbres
2140,Marsens,,,,267,Chez-le-bart
2143,Morlon,,,,268,Chur
2145,Le Pâquier ,,,,269,Château-d'Oex
2147,Pont-la-Ville,,,,270,Châtel-s-Monts.
2148,Riaz,,,,271,Chénens
2149,La Roche,,,,272,Clarens
215,Dättlikon,,,,273,Coeuve
2152,Sâles,,,,274,Coffrane
2153,Sorens,,,,275,Collombey
2155,Vaulruz,,,,276,Collonges
216,Dinhard,,,,277,Colombier
2160,Vuadens,,,,278,Comano
2162,Bas-Intyamon,,,,279,Commugny
2163,Val-de-Charmey,,,,280,Conthey
2173,Autigny,,,,281,Contra
2174,Avry,,,,282,Coppet
2175,Belfaux,,,,283,Corbierres
2177,Chénens,,,,284,Corcelles
218,Ellikon an der Thur,,,,285,Corcelles sur Chavornay
2183,Corminboeuf,,,,286,Corcelles-près-Payerne
2186,Cottens ,,,,287,Corgénont
219,Elsau,,,,288,Cormerod
2194,Ferpicloz,,,,289,Corminboeuf
2196,Fribourg,,,,290,Cormoret
2197,Givisiez,,,,291,Corseaux
2198,Granges-Paccot,,,,292,Corsier-sur-Vevey
22,Benken (ZH),,,,293,Corsier/Vevey
220,Hagenbuch,,,,294,Corzoneso Piano
2200,Grolley,,,,295,Cottens
2206,Marly,,,,296,Courgenay
2208,Matran,,,,297,Courgevaux
221,Hettlingen,,,,298,Courrendlin
2211,Neyruz ,,,,299,Courtaman
2216,Pierrafortscha,,,,300,Courtedoux
2217,Ponthaux,,,,301,Courtelary
2220,Le Mouret,,,,302,Courtételle
2237,Prez,,,,303,Cousset
2226,Treyvaux,,,,304,Couvet
2228,Villars-sur-Glâne,,,,305,Covrroux
223,Neftenbach,,,,306,Crana
2230,Villarsel-sur-Marly,,,,307,Crans
2233,Hauterive ,,,,308,Crassier
2234,La Brillaz,,,,309,Cremin
2235,La Sonnaz,,,,310,Cressier
2236,Gibloux,,,,311,Crissier
224,Pfungen,,,,312,Cuarnens
225,Rickenbach (ZH),,,,313,Cudrefin
2250,Courgevaux,,,,314,Cugnasco
2254,Courtepin,,,,315,Cugy
2257,Cressier ,,,,316,Curaglia
2258,Fräschels,,,,317,Cureglia
2259,Galmiz,,,,318,Curtilles
226,Schlatt (ZH),,,,319,Dachsen
2260,Gempenach,,,,320,Dagmersellen
2261,Greng,,,,321,Daillens
2262,Gurmels,,,,322,Daillon
2265,Kerzers,,,,323,Dalpe
2266,Kleinbösingen,,,,324,Dardin
227,Seuzach,,,,325,Davesco Soragno
2271,Meyriez,,,,326,Davos Dorf
2272,Misery-Courtion,,,,327,Davos Platz
2274,Muntelier,,,,328,Degen
2275,Murten,,,,329,Degersheim
2276,Ried bei Kerzers,,,,330,Deitingen
2278,Ulmiz,,,,331,Delémont
228,Turbenthal,,,,332,Denges
2284,Mont-Vully,,,,333,Denneloye
2292,Brünisried,,,,334,Derendingen
2293,Düdingen,,,,335,Dettighofen
2294,Giffers,,,,336,Diegten
2295,Bösingen,,,,337,Diepoldsau
2296,Heitenried,,,,338,Dierikon
2299,Plaffeien,,,,339,Diessbach
23,Berg am Irchel,,,,340,Dietfurt
230,Winterthur,,,,341,Dietikon
2300,Plasselb,,,,342,Dietlikon
2301,Rechthalten,,,,343,Dinhard
2303,St. Silvester,,,,344,Dino
2304,St. Ursen,,,,345,Disentis
2305,Schmitten ,,,,346,Disentis/Mustér
2307,Tentlingen,,,,347,Domat / Ems
2308,Ueberstorf,,,,348,Domat/Ems
2309,Wünnewil-Flamatt,,,,349,Domdidier
231,Zell (ZH),,,,350,Dompierre
2321,Attalens,,,,351,Donat
2323,Bossonnens,,,,352,Dornach
2325,Châtel-Saint-Denis,,,,353,Dotzigen
2328,Granges (Veveyse),,,,354,Dreien
2333,Remaufens,,,,355,Dreifachturnhalle Maihof
2335,Saint-Martin ,,,,356,Drône Savièse
2336,Semsales,,,,357,Duillier
2337,Le Flon,,,,358,Dussnang
2338,La Verrerie,,,,359,Dällikon
2391,Staatswald Galm,,,,360,Därstetten
24,Buch am Irchel,,,,361,Dättlikon
2401,Egerkingen,,,,362,Dätwil
2402,Härkingen,,,,363,Dörflingen
2403,Kestenholz,,,,364,Döttingen
2404,Neuendorf,,,,365,Dübendorf
2405,Niederbuchsiten,,,,366,Düdingen
2406,Oberbuchsiten,,,,367,Dürnten
2407,Oensingen,,,,368,Dürrenroth
2408,Wolfwil,,,,369,Ebersecken
241,Aesch (ZH),,,,370,Ebikon
242,Birmensdorf (ZH),,,,371,Ebnat-Kappel
2421,Aedermannsdorf,,,,372,Ebnet
2422,Balsthal,,,,373,Echallens
2424,Herbetswil,,,,374,Echandens
2425,Holderbank ,,,,375,Echandes
2426,Laupersdorf,,,,376,Eclepens
2427,Matzendorf,,,,377,Eclépens
2428,Mümliswil-Ramiswil,,,,378,Ecublens
243,Dietikon,,,,379,Effetikon
244,Geroldswil,,,,380,Effretikon
2445,Biezwil,,,,381,Egg
245,Oberengstringen,,,,382,Egg b. Einsiedeln
2455,Lüterkofen-Ichertswil,,,,383,Eggenwil
2456,Lüterswil-Gächliwil,,,,384,Eggersriet
2457,Messen,,,,385,Eggiwil
246,Oetwil an der Limmat,,,,386,Eglisau
2461,Schnottwil,,,,387,Egliswil
2463,Unterramsern,,,,388,Egnach
2464,Lüsslingen-Nennigkofen,,,,389,Eiken
2465,Buchegg,,,,390,Einigen
247,Schlieren,,,,391,Einsiedeln
2471,Bättwil,,,,392,Eischoll
2472,Büren ,,,,393,Ellighausen
2473,Dornach,,,,394,Elsau
2474,Gempen,,,,395,Embrach
2475,Hochwald,,,,396,Emmen
2476,Hofstetten-Flüh,,,,397,Emmenbrücke
2477,Metzerlen-Mariastein,,,,398,Engelberg
2478,Nuglar-St. Pantaleon,,,,399,Engelburg
2479,Rodersdorf,,,,400,Engi
248,Uitikon,,,,401,Engishofen
2480,Seewen,,,,402,Engwang
2481,Witterswil,,,,403,Engwilen
249,Unterengstringen,,,,404,Ennenda
2491,Hauenstein-Ifenthal,,,,405,Ennetmoos
2492,Kienberg,,,,406,Entlebuch
2493,Lostorf,,,,407,Epalinges
2495,Niedergösgen,,,,408,Ependes
2497,Obergösgen,,,,409,Erlach
25,Dachsen,,,,410,Erlen
250,Urdorf,,,,411,Erlenbach
2500,Trimbach,,,,412,Erlinsbach
2501,Winznau,,,,413,Ermatingen
2502,Wisen ,,,,414,Ermensee
2503,Erlinsbach ,,,,415,Ernetschwil
251,Weiningen (ZH),,,,416,Ersigen
2511,Aeschi ,,,,417,Erstfeld
2513,Biberist,,,,418,Eschenbach
2514,Bolken,,,,419,Eschenz
2516,Deitingen,,,,420,Eschlikon
2517,Derendingen,,,,421,Escholzmatt
2518,Etziken,,,,422,Esmonts
2519,Gerlafingen,,,,423,Essertines s/Yverdon
2520,Halten,,,,424,Essertines sur Yverdon
2523,Horriwil,,,,425,Esslingen
2524,Hüniken,,,,426,Estavayer-Le-Lac
2525,Kriegstetten,,,,427,Estavayer-le-Gibloux
2526,Lohn-Ammannsegg,,,,428,Estavayer-le-lac
2527,Luterbach,,,,429,Etagnières
2528,Obergerlafingen,,,,430,Etoy
2529,Oekingen,,,,431,Ettingen
2530,Recherswil,,,,432,Ettiswil
2532,Subingen,,,,433,Euthal
2534,Zuchwil,,,,434,Eysins
2535,Drei Höfe,,,,435,Fahrwangen
2541,Balm bei Günsberg,,,,436,Falera
2542,Bellach,,,,437,Faoug
2543,Bettlach,,,,438,Fehraltorf
2544,Feldbrunnen-St. Niklaus,,,,439,Feldbach
2545,Flumenthal,,,,440,Feldis
2546,Grenchen,,,,441,Feldmeilen
2547,Günsberg,,,,442,Felsberg
2548,Hubersdorf,,,,443,Feuerthalen
2549,Kammersrohr,,,,444,Fideris
2550,Langendorf,,,,445,Fieschertal
2551,Lommiswil,,,,446,Filzbach
2553,Oberdorf ,,,,447,Finsterwald
2554,Riedholz,,,,448,Finsterwald b. Entlebuch
2555,Rüttenen,,,,449,Fischbach
2556,Selzach,,,,450,Fischbach-Göslikon
2571,Boningen,,,,451,Fischingen
2572,Däniken,,,,452,Flaach
2573,Dulliken,,,,453,Flanthey
2574,Eppenberg-Wöschnau,,,,454,Flawil
2575,Fulenbach,,,,455,Flims Dorf
2576,Gretzenbach,,,,456,Flims Waldhaus
2578,Gunzgen,,,,457,Flims-Dorf
2579,Hägendorf,,,,458,Flueelen
2580,Kappel ,,,,459,Flums
2581,Olten,,,,460,Flumserberg
2582,Rickenbach ,,,,461,Flurlingen
2583,Schönenwerd,,,,462,Flüelen
2584,Starrkirch-Wil,,,,463,Fontainemelon
2585,Walterswil ,,,,464,Fontainemlon
2586,Wangen bei Olten,,,,465,Fontanezier
26,Dorf,,,,466,Fontenais
2601,Solothurn,,,,467,Fontnas
261,Zürich,,,,468,Fornet-Dessus
2611,Bärschwil,,,,469,Founex
2612,Beinwil ,,,,470,Frauenfeld
2613,Breitenbach,,,,471,Frauenkappelen
2614,Büsserach,,,,472,Frenkendorf
2615,Erschwil,,,,473,Fresens
2616,Fehren,,,,474,Fribourg
2617,Grindel,,,,475,Friltschen
2618,Himmelried,,,,476,Frinvillier
2619,Kleinlützel,,,,477,Froideville
2620,Meltingen,,,,478,Frutigen
2621,Nunningen,,,,479,Frümsen
2622,Zullwil,,,,480,Fully
27,Feuerthalen,,,,481,Fällanden
2701,Basel,,,,482,Féchy
2702,Bettingen,,,,483,Füllinsdorf
2703,Riehen,,,,484,Fürstenaubruck
2761,Aesch ,,,,485,Gachnang
2762,Allschwil,,,,486,Gais
2763,Arlesheim,,,,487,Galgenen
2764,Biel-Benken,,,,488,Gals
2765,Binningen,,,,489,Gams
2766,Birsfelden,,,,490,Gansingen
2767,Bottmingen,,,,491,Ganterschwil
2768,Ettingen,,,,492,Gasel
2769,Münchenstein,,,,493,Gattikon
2770,Muttenz,,,,494,Gelfingen
2771,Oberwil ,,,,495,Gelterkinden
2772,Pfeffingen,,,,496,Genestrerio
2773,Reinach ,,,,497,Genolier
2774,Schönenbuch,,,,498,Genève
2775,Therwil,,,,499,Gersau
2781,Blauen,,,,500,Gerzensee
2782,Brislach,,,,501,Geuensee
2783,Burg im Leimental,,,,502,Giebenach
2784,Dittingen,,,,503,Giez
2785,Duggingen,,,,504,Giffers
2786,Grellingen,,,,505,Gimel
2787,Laufen,,,,506,Gipf-Oberfrick
2788,Liesberg,,,,507,Giswil
2789,Nenzlingen,,,,508,Giubiasco
2790,Roggenburg,,,,509,Glarus
2791,Röschenz,,,,510,Glattbrugg
2792,Wahlen,,,,511,Glis
2793,Zwingen,,,,512,Glovelier
28,Flaach,,,,513,Gockhausen
2821,Arisdorf,,,,514,Gohl
2822,Augst,,,,515,Goldach
2823,Bubendorf,,,,516,Goldiwil
2824,Frenkendorf,,,,517,Gollion
2825,Füllinsdorf,,,,518,Gommiswald
2826,Giebenach,,,,519,Gonten
2827,Hersberg,,,,520,Gontenschwil
2828,Lausen,,,,521,Gordola
2829,Liestal,,,,522,Gorgier
2830,Lupsingen,,,,523,Gossau
2831,Pratteln,,,,524,Gossau SG
2832,Ramlinsburg,,,,525,Gossliwil
2833,Seltisberg,,,,526,Goumoens-le-Jux
2834,Ziefen,,,,527,Grabs
2841,Anwil,,,,528,Grabserberg
2842,Böckten,,,,529,Grandcour
2843,Buckten,,,,530,Grandfontaine
2844,Buus,,,,531,Grandson
2845,Diepflingen,,,,532,Grandvaux
2846,Gelterkinden,,,,533,Grandvillard
2847,Häfelfingen,,,,534,Granges-Marnand
2848,Hemmiken,,,,535,Granges-Marnaud
2849,Itingen,,,,536,Granges-Paccot
2850,Känerkinden,,,,537,Granois(Savièse)
2851,Kilchberg ,,,,538,Grasswil
2852,Läufelfingen,,,,539,Greifensee
2853,Maisprach,,,,540,Grenchen
2854,Nusshof,,,,541,Grimisuat
2855,Oltingen,,,,542,Grossdietwil
2856,Ormalingen,,,,543,Grosshöchstetten
2857,Rickenbach ,,,,544,Grund bei Gstaad
2858,Rothenfluh,,,,545,Gryon
2859,Rümlingen,,,,546,Grächen
2860,Rünenberg,,,,547,Gräslikon
2861,Sissach,,,,548,Grône
2862,Tecknau,,,,549,Grünenmatt
2863,Tenniken,,,,550,Grüt (Gossau)
2864,Thürnen,,,,551,Gstaad
2865,Wenslingen,,,,552,Gsteig
2866,Wintersingen,,,,553,Gsteig b. Gstaad
2867,Wittinsburg,,,,554,Guemlingen
2868,Zeglingen,,,,555,Guggisberg
2869,Zunzgen,,,,556,Gumefens
2881,Arboldswil,,,,557,Guntalingen
2882,Bennwil,,,,558,Gunten
2883,Bretzwil,,,,559,Guntershausen
2884,Diegten,,,,560,Guntmadingen
2885,Eptingen,,,,561,Gunzwil
2886,Hölstein,,,,562,Gunzwil / Bäch
2887,Lampenberg,,,,563,Gurmels
2888,Langenbruck,,,,564,Gurtnellen
2889,Lauwil,,,,565,Gwatt
2890,Liedertswil,,,,566,Gysenstein
2891,Niederdorf,,,,567,Gähwil
2892,Oberdorf ,,,,568,Gümligen
2893,Reigoldswil,,,,569,Gümmenen
2894,Titterten,,,,570,Gümmenen / Mauss
2895,Waldenburg,,,,571,Güttingen
29,Flurlingen,,,,572,Habsburg
2901,Gächlingen,,,,573,Hagen bei Amriswil
2903,Löhningen,,,,574,Hagenbuch
2904,Neunkirch,,,,575,Hagendorn
2914,Büttenhardt,,,,576,Hagneck
2915,Dörflingen,,,,577,Halten
2917,Lohn ,,,,578,Happerswil
2919,Stetten ,,,,579,Hard bei Weinfelden
292,Stammheim,,,,580,Haslen
2920,Thayngen,,,,581,Hasliberg Wasserwendi
293,Wädenswil,,,,582,Hauptwil
2931,Bargen ,,,,583,Hausen
2932,Beringen,,,,584,Hedingen
2933,Buchberg,,,,585,Heerbrugg
2936,Merishausen,,,,586,Hefenhofen
2937,Neuhausen am Rheinfall,,,,587,Heiden
2938,Rüdlingen,,,,588,Heiligenschwendi
2939,Schaffhausen,,,,589,Heimberg
294,Elgg,,,,590,Heimenschwand
295,Horgen,,,,591,Heitenried
2951,Beggingen,,,,592,Heldswil
2952,Schleitheim,,,,593,Helgisried-Rohrbach
2953,Siblingen,,,,594,Hemishofen
296,Illnau-Effretikon,,,,595,Henau
2961,Buch ,,,,596,Henggart
2962,Hemishofen,,,,597,Herbligen
2963,Ramsen,,,,598,Hergiswil
2964,Stein am Rhein,,,,599,Herisau
297,Bauma,,,,600,Herisau 
2971,Hallau,,,,601,Herrliberg
2972,Oberhallau,,,,602,Herzogenbuchsee
2973,Trasadingen,,,,603,Hessigkofen
2974,Wilchingen,,,,604,Hildisrieden
298,Wiesendangen,,,,605,Hilterfingen
3,Bonstetten,,,,606,Hindelbank
30,Andelfingen,,,,607,Hinterforst
3001,Herisau,,,,608,Hinterfultigen
3002,Hundwil,,,,609,Hinterkappelen
3003,Schönengrund,,,,610,Hinwil
3004,Schwellbrunn,,,,611,Hirschthal
3005,Stein ,,,,612,Hirzel
3006,Urnäsch,,,,613,Hittnau
3007,Waldstatt,,,,614,Hochdorf
301,Aarberg,,,,615,Hoffeld
302,Bargen ,,,,616,Hohenrain
3021,Bühler,,,,617,Hohentannen
3022,Gais,,,,618,Holziken
3023,Speicher,,,,619,Hombrechtikon
3024,Teufen ,,,,620,Homburg
3025,Trogen,,,,621,Hondrich
303,Grossaffoltern,,,,622,Horboden
3031,Grub ,,,,623,Horgen
3032,Heiden,,,,624,Horn
3033,Lutzenberg,,,,625,Horw
3034,Rehetobel,,,,626,Hosenruck
3035,Reute ,,,,627,Hottwil
3036,Wald ,,,,628,Huemoz
3037,Walzenhausen,,,,629,Huetten
3038,Wolfhalden,,,,630,Hugelshofen
304,Kallnach,,,,631,Hundwil
305,Kappelen,,,,632,Hunzenschwil
306,Lyss,,,,633,Huttwil
307,Meikirch,,,,634,Hägendorf
309,Radelfingen,,,,635,Häggenschwil
31,Henggart,,,,636,Härkingen
310,Rapperswil ,,,,637,Hätzingen
3101,Appenzell,,,,638,Hérémence
3102,Gonten,,,,639,Hölstein
3103,Rüte,,,,640,Hünenberg
3104,Schlatt-Haslen,,,,641,Hünenberg See
3105,Schwende,,,,642,Hünibach
311,Schüpfen,,,,643,Hüntwangen
3111,Oberegg,,,,644,Hüttwilen
312,Seedorf ,,,,645,Ibach
32,Humlikon,,,,646,Icogne
3201,Häggenschwil,,,,647,Iffwil
3202,Muolen,,,,648,Ifwil
3203,St. Gallen,,,,649,Igis
3204,Wittenbach,,,,650,Illarsaz/Muraz
321,Aarwangen,,,,651,Illgau
3211,Berg (SG),,,,652,Illnau
3212,Eggersriet,,,,653,Innerberg
3213,Goldach,,,,654,Innerberg BE
3214,Mörschwil,,,,655,Innertkirchen
3215,Rorschach,,,,656,Ins
3216,Rorschacherberg,,,,657,Interlaken
3217,Steinach,,,,658,Inwil
3218,Tübach,,,,659,Ipsach
3219,Untereggen,,,,660,Isenthal
322,Auswil,,,,661,Isérables
323,Bannwil,,,,662,Itingen
3231,Au (SG),,,,663,Ittigen
3232,Balgach,,,,664,Jaberg
3233,Berneck,,,,665,Jenins
3234,Diepoldsau,,,,666,Jona
3235,Rheineck,,,,667,Jonschwil
3236,St. Margrethen,,,,668,Jouxtens-Mézery
3237,Thal,,,,669,Kaisten
3238,Widnau,,,,670,Kallern
324,Bleienbach,,,,671,Kaltbrunn
325,Busswil bei Melchnau,,,,672,Kandergrund
3251,Altstätten,,,,673,Kandersteg
3252,Eichberg,,,,674,Kastanienbaum
3253,Marbach (SG),,,,675,Kaufdorf
3254,Oberriet (SG),,,,676,Kefikon
3255,Rebstein,,,,677,Kerns
3256,Rüthi (SG),,,,678,Kerzers
326,Gondiswil,,,,679,Kiental
3271,Buchs (SG),,,,680,Kiesen
3272,Gams,,,,681,Kilchberg
3273,Grabs,,,,682,Kirchberg
3274,Sennwald,,,,683,Kleinandelfingen
3275,Sevelen,,,,684,Kleindietwil
3276,Wartau,,,,685,Klingnau
3291,Bad Ragaz,,,,686,Klosters
3292,Flums,,,,687,Knonau
3293,Mels,,,,688,Knutwil / St. Erhard
3294,Pfäfers,,,,689,Kollbrunn
3295,Quarten,,,,690,Konolfingen
3296,Sargans,,,,691,Koppigen
3297,Vilters-Wangs,,,,692,Krauchthal
3298,Walenstadt,,,,693,Kreuzlingen
33,Kleinandelfingen,,,,694,Kriens
331,Lotzwil,,,,695,Kriessern
3311,Amden,,,,696,Krummenau
3312,Benken (SG),,,,697,Kräiligen
3313,Kaltbrunn,,,,698,Kulmerau
3315,Schänis,,,,699,Kägiswil (OW)
3316,Weesen,,,,700,Kölliken
332,Madiswil,,,,701,Köniz
333,Melchnau,,,,702,Küblis
3338,Schmerikon,,,,703,Kümmertshausen
3339,Uznach,,,,704,Küsnacht
3340,Rapperswil-Jona,,,,705,Küssnacht
3341,Gommiswald,,,,706,Küssnacht am Rigi
3342,Eschenbach (SG),,,,707,Küttigen
335,Oeschenbach,,,,708,L'Abbaye
3352,Ebnat-Kappel,,,,709,L'Auberson
3359,Wildhaus-Alt St. Johann,,,,710,L'Isle
336,Reisiswil,,,,711,L'Orient
3360,Nesslau,,,,712,LA TOUR-DE-TREME
337,Roggwil ,,,,713,La Chaux-de-Fonds
3372,Hemberg,,,,714,La Comballaz
3374,Lichtensteig,,,,715,La Conversion
3375,Oberhelfenschwil,,,,716,La Croix sur Lutry
3378,Neckertal,,,,717,La Cure
3379,Wattwil,,,,718,La Ferrière
338,Rohrbach,,,,719,La Lecherette
339,Rohrbachgraben,,,,720,La Lécherette
3392,Kirchberg (SG),,,,721,La Neuveville
3393,Lütisburg,,,,722,La Sagne
3394,Mosnang,,,,723,La Sarraz
3395,Bütschwil-Ganterschwil,,,,724,La Tour de Peilz
34,Laufen-Uhwiesen,,,,725,La Tour-de-Peilz
340,Rütschelen,,,,726,Laax
3401,Degersheim,,,,727,Landiswil
3402,Flawil,,,,728,Landquart
3405,Jonschwil,,,,729,Landschlacht
3407,Oberuzwil,,,,730,Langenbühl
3408,Uzwil,,,,731,Langenthal
341,Schwarzhäusern,,,,732,Langnau
342,Thunstetten,,,,733,Langnau a.A.
3422,Niederbüren,,,,734,Lanzenhausern
3423,Niederhelfenschwil,,,,735,Lanzenhäusern
3424,Oberbüren,,,,736,Lanzenneunforn
3426,Zuzwil (SG),,,,737,Latterbach
3427,Wil (SG),,,,738,Laufen
344,Ursenbach,,,,739,Laufenburg
3441,Andwil (SG),,,,740,Laupen
3442,Gaiserwald,,,,741,Lauperswil
3443,Gossau (SG),,,,742,Lausanne
3444,Waldkirch,,,,743,Lausanne 26
345,Wynau,,,,744,Lausen
35,Marthalen,,,,745,Lavey
3506,Vaz/Obervaz,,,,746,Lavigny
351,Bern,,,,747,Lavin
3513,Lantsch/Lenz,,,,748,Le Bouveret
3514,Schmitten (GR),,,,749,Le Brassus
352,Bolligen,,,,750,Le Cerneux-Veusil
353,Bremgarten bei Bern,,,,751,Le Châble
354,Kirchlindach,,,,752,Le Châbles
3542,Albula/Alvra,,,,753,Le Crêt
3543,Surses,,,,754,Le Crêt-près-Semsales
3544,Bergün Filisur,,,,755,Le Landeron
355,Köniz,,,,756,Le Lieu
3551,Brusio,,,,757,Le Locle
356,Muri bei Bern,,,,758,Le Mont Lausanne
3561,Poschiavo,,,,759,Le Mont-sur-Lausanne
357,Oberbalm,,,,760,Le Noirmont
3572,Falera,,,,761,Le Noirmont 
3575,Laax,,,,762,Le Paquier
358,Stettlen,,,,763,Le Peuchapatte
3581,Sagogn,,,,764,Le Prévoux
3582,Schluein,,,,765,Le Pâquier
359,Vechigen,,,,766,Le Sentier
360,Wohlen bei Bern,,,,767,Le Vaud
3603,Vals,,,,768,Le-Mont-sur-Lausanne
361,Zollikofen,,,,769,Lechelles
3618,Lumnezia,,,,770,Leibstadt
3619,Ilanz/Glion,,,,771,Leissigen
362,Ittigen,,,,772,Lenggenwil
363,Ostermundigen,,,,773,Lenk
3633,Fürstenau,,,,774,Lens
3637,Rothenbrunnen,,,,775,Lenzburg
3638,Scharans,,,,776,Lenzerheide
3640,Sils im Domleschg,,,,777,Les Bioux
3661,Cazis,,,,778,Les Bois
3662,Flerden,,,,779,Les Brenets
3663,Masein,,,,780,Les Breuleux
3668,Thusis,,,,781,Les Charbonnieres
3669,Tschappina,,,,782,Les Cullayes
3670,Urmein,,,,783,Les Geneveys-sur-Coffrane
3672,Safiental,,,,784,Les Granges
3673,Domleschg,,,,785,Les Monts de Corsier
3681,Avers,,,,786,Les Monts de Pully
3695,Sufers,,,,787,Les Mosses
37,Ossingen,,,,788,Les Moulins
3701,Andeer,,,,789,Les Ponts-de-Martel
371,Biel/Bienne,,,,790,Les Prés d'Orvin
3711,Rongellen,,,,791,Les Rasses
3712,Zillis-Reischen,,,,792,Leysin
3713,Ferrera,,,,793,Liddes
3714,Rheinwald,,,,794,Liebefeld
372,Evilard,,,,795,Liebefeld Köniz
3721,Bonaduz,,,,796,Lieli
3722,Domat/Ems,,,,797,Lienz
3723,Rhäzüns,,,,798,Lienz Plona
3731,Felsberg,,,,799,Liestal
3732,Flims,,,,800,Lindau
3733,Tamins,,,,801,Linden
3734,Trin,,,,802,Linthal
3746,Zernez,,,,803,Locarno
3752,Samnaun,,,,804,Lohn
3762,Scuol,,,,805,Lommis
3764,Valsot,,,,806,Lommiswil
3781,Bever,,,,807,Lonay
3782,Celerina/Schlarigna,,,,808,Longirod
3783,Madulain,,,,809,Lostorf
3784,Pontresina,,,,810,Lotzwil
3785,La Punt Chamues-ch,,,,811,Luchsingen
3786,Samedan,,,,812,Lugano
3787,St. Moritz,,,,813,Lugnorre
3788,S-chanf,,,,814,Lully
3789,Sils im Engadin/Segl,,,,815,Lumbrein
3790,Silvaplana,,,,816,Lumino
3791,Zuoz,,,,817,Lungern
3792,Bregaglia,,,,818,Lupsingen
38,Rheinau,,,,819,Lustdorf
3804,Buseno,,,,820,Lutry
3805,Castaneda,,,,821,Lutzenberg
3808,Rossa,,,,822,Luven
381,Arch,,,,823,Luzein
3810,Santa Maria in Calanca,,,,824,Luzern
382,Büetigen,,,,825,Lyss
3821,Lostallo,,,,826,Lyssach
3822,Mesocco,,,,827,Längenbühl
3823,Soazza,,,,828,Lätti
383,Büren an der Aare,,,,829,Läufelfingen
3831,Cama,,,,830,Löhningen
3832,Grono,,,,831,Lüchingen
3834,Roveredo (GR),,,,832,Lüterkofen-Ichertswil
3835,San Vittore,,,,833,Lütschental
3837,Calanca,,,,834,Lützelflüh
3847,Val Müstair,,,,835,Madiswil
385,Diessbach bei Büren,,,,836,Magden
3851,Davos,,,,837,Magliaso
386,Dotzigen,,,,838,Maienfeld
3861,Fideris,,,,839,Maisprach
3862,Furna,,,,840,Maladers
3863,Jenaz,,,,841,Malans
387,Lengnau ,,,,842,Malleray
388,Leuzigen,,,,843,Malters
3881,Conters im Prättigau,,,,844,Mamishaus
3882,Küblis,,,,845,Mammern
389,Meienried,,,,846,Mannens
3891,Luzein,,,,847,Marbach
39,Thalheim an der Thur,,,,848,Marin-Epagnier
390,Meinisberg,,,,849,Marly
391,Oberwil bei Büren,,,,850,Marsens
3911,Churwalden,,,,851,Marthalen
392,Pieterlen,,,,852,Martigny
3921,Arosa,,,,853,Mase
393,Rüti bei Büren,,,,854,Masein
3932,Tschiertschen-Praden,,,,855,Massonnens
394,Wengi,,,,856,Mathon
3945,Trimmis,,,,857,Matran
3946,Untervaz,,,,858,Matten
3947,Zizers,,,,859,Mauensee
3951,Fläsch,,,,860,Medeglia
3952,Jenins,,,,861,Medeglia-Monteceneri
3953,Maienfeld,,,,862,Meggen
3954,Malans,,,,863,Meikirch
3955,Landquart,,,,864,Meilen
3961,Grüsch,,,,865,Meiringen
3962,Schiers,,,,866,Mellingen
3972,Seewis im Prättigau,,,,867,Mels
3981,Breil/Brigels,,,,868,Mendriso
3982,Disentis/Mustér,,,,869,Menzingen
3983,Medel (Lucmagn),,,,870,Mergoscia
3985,Sumvitg,,,,871,Merishausen
3986,Tujetsch,,,,872,Merligen
3987,Trun,,,,873,Merlischachen
3988,Obersaxen Mundaun,,,,874,Mesocco
4,Hausen am Albis,,,,875,Meyrin
40,Trüllikon,,,,876,Mezieres
4001,Aarau,,,,877,Middes
4002,Biberstein,,,,878,Mies
4003,Buchs (AG),,,,879,Mollis
4004,Densbüren,,,,880,Monible
4005,Erlinsbach (AG),,,,881,Mont-Pélerin
4006,Gränichen,,,,882,Mont-la-Ville
4007,Hirschthal,,,,883,Montalchez
4008,Küttigen,,,,884,Montbrelloz
4009,Muhen,,,,885,Monte Carasso
401,Aefligen,,,,886,Montezillon
4010,Oberentfelden,,,,887,Montfaucon
4012,Suhr,,,,888,Monthey
4013,Unterentfelden,,,,889,Montlingen
402,Alchenstorf,,,,890,Montpreveyres
4021,Baden,,,,891,Monts de Corsier
4022,Bellikon,,,,892,Monts-de-Corsier
4023,Bergdietikon,,,,893,Moos
4024,Birmenstorf (AG),,,,894,Moosseedorf
4026,Ennetbaden,,,,895,Morbio Inferiore
4027,Fislisbach,,,,896,Morges
4028,Freienwil,,,,897,Morrens
4029,Gebenstorf,,,,898,Mosen
403,Bäriswil,,,,899,Mosnang
4030,Killwangen,,,,900,Moudon
4031,Künten,,,,901,Moutier
4032,Mägenwil,,,,902,Muemliswil
4033,Mellingen,,,,903,Mugena
4034,Neuenhof,,,,904,Muggio
4035,Niederrohrdorf,,,,905,Mund
4037,Oberrohrdorf,,,,906,Muntelier
4038,Obersiggenthal,,,,907,Muolen
4039,Remetschwil,,,,908,Muraz
404,Burgdorf,,,,909,Murgenthal
4040,Spreitenbach,,,,910,Muri
4041,Stetten (AG),,,,911,Murzelen
4042,Turgi,,,,912,Muttenz
4044,Untersiggenthal,,,,913,Männedorf
4045,Wettingen,,,,914,Märwil
4046,Wohlenschwil,,,,915,Mézières
4047,Würenlingen,,,,916,Mönchaltorf
4048,Würenlos,,,,917,Mörschwil
4049,Ehrendingen,,,,918,Mötschwil
405,Ersigen,,,,919,Münchenbuchsee
406,Hasle bei Burgdorf,,,,920,Münchenstein
4061,Arni (AG),,,,921,Münchwilen
4062,Berikon,,,,922,Münsingen
4063,Bremgarten (AG),,,,923,Müselbach
4064,Büttikon,,,,924,Müstair
4065,Dottikon,,,,925,Nassen
4066,Eggenwil,,,,926,Naters
4067,Fischbach-Göslikon,,,,927,Nax
4068,Hägglingen,,,,928,Neftenbach
407,Heimiswil,,,,929,Nendaz
4071,Jonen,,,,930,Nennigkofen
4072,Niederwil (AG),,,,931,Nesselnbach
4073,Oberlunkhofen,,,,932,Nesslau
4074,Oberwil-Lieli,,,,933,Netstal
4075,Rudolfstetten-Friedlisberg,,,,934,Neu St. Johann
4076,Sarmenstorf,,,,935,Neuchatel
4077,Tägerig,,,,936,Neudorf
4078,Uezwil,,,,937,Neuendorf
4079,Unterlunkhofen,,,,938,Neuenegg
408,Hellsau,,,,939,Neuenkirch
4080,Villmergen,,,,940,Neuhausen
4081,Widen,,,,941,Nidau
4082,Wohlen (AG),,,,942,Nidfurn
4083,Zufikon,,,,943,Niederbipp
4084,Islisberg,,,,944,Niederbüren
4091,Auenstein,,,,945,Niedergesteln
4092,Birr,,,,946,Niederglatt
4093,Birrhard,,,,947,Niedergösgen
4094,Bözen,,,,948,Niederhelfenschwil
4095,Brugg,,,,949,Niederneunforn
4096,Effingen,,,,950,Niederscherli
4097,Elfingen,,,,951,Niederteufen
4099,Habsburg,,,,952,Niederuzwil
41,Truttikon,,,,953,Niederwil
410,Höchstetten,,,,954,Nierlet-les-Bois
4100,Hausen (AG),,,,955,Nods
4104,Lupfig,,,,956,Noes
4105,Mandach,,,,957,Noiraigue
4106,Mönthal,,,,958,Noréaz
4107,Mülligen,,,,959,Nottwil
411,Kernenried,,,,960,Noville
4110,Remigen,,,,961,Nufenen
4111,Riniken,,,,962,Nuglar
4112,Rüfenach,,,,963,Näfels
4117,Thalheim (AG),,,,964,Nürensdorf
412,Kirchberg ,,,,965,Oberbalm
4120,Veltheim (AG),,,,966,Oberbipp
4121,Villigen,,,,967,Oberbüren
4122,Villnachern,,,,968,Oberdiessbach
4123,Windisch,,,,969,Oberdorf
4124,Bözberg,,,,970,Oberegg
4125,Schinznach,,,,971,Oberems
413,Koppigen,,,,972,Oberentfelden
4131,Beinwil am See,,,,973,Oberfrittenbach
4132,Birrwil,,,,974,Obergösgen
4133,Burg (AG),,,,975,Oberhelfenschwil
4134,Dürrenäsch,,,,976,Oberhofen
4135,Gontenschwil,,,,977,Oberkirch
4136,Holziken,,,,978,Oberlunkhofen
4137,Leimbach (AG),,,,979,Obernau
4138,Leutwil,,,,980,Oberneunforn
4139,Menziken,,,,981,Oberoenz
414,Krauchthal,,,,982,Oberrickenbach
4140,Oberkulm,,,,983,Oberriet
4141,Reinach (AG),,,,984,Oberrohrdorf
4142,Schlossrued,,,,985,Oberrüti
4143,Schmiedrued,,,,986,Oberschaan
4144,Schöftland,,,,987,Oberschan
4145,Teufenthal (AG),,,,988,Oberschrot
4146,Unterkulm,,,,989,Oberstammheim
4147,Zetzwil,,,,990,Oberterzen
415,Lyssach,,,,991,Oberuzwil
4161,Eiken,,,,992,Oberwald
4163,Frick,,,,993,Oberwangen
4164,Gansingen,,,,994,Oberwil
4165,Gipf-Oberfrick,,,,995,Oberwil b. Bueren
4166,Herznach,,,,996,Oberägeri
4167,Hornussen,,,,997,Oberönz
4169,Kaisten,,,,998,Oensingen
4170,Laufenburg,,,,999,Oeschseite
4172,Münchwilen (AG),,,,1000,Oetwil a.d. Limmat
4173,Oberhof,,,,1001,Oetwil am See
4175,Oeschgen,,,,1002,Oey
4176,Schwaderloch,,,,1003,Ollon
4177,Sisseln,,,,1004,Olsberg AG
4179,Ueken,,,,1005,Olten
418,Oberburg,,,,1006,Onnens
4181,Wittnau,,,,1007,Opfershofen
4182,Wölflinswil,,,,1008,Oppligen
4183,Zeihen,,,,1009,Orbe
4184,Mettauertal,,,,1010,Ormalingen
4191,Ammerswil,,,,1011,Ormallingen
4192,Boniswil,,,,1012,Orselina
4193,Brunegg,,,,1013,Orsières
4194,Dintikon,,,,1014,Orvin
4195,Egliswil,,,,1015,Oschwand
4196,Fahrwangen,,,,1016,Osco
4197,Hallwil,,,,1017,Ossingen
4198,Hendschiken,,,,1018,Ostermundigen
4199,Holderbank (AG),,,,1019,Otelfingen
420,Rüdtligen-Alchenflüh,,,,1020,Othmarsingen AG
4200,Hunzenschwil,,,,1021,Ottenbach
4201,Lenzburg,,,,1022,Ottikon
4202,Meisterschwanden,,,,1023,Ottikon b. Kempthal
4203,Möriken-Wildegg,,,,1024,Ottoberg
4204,Niederlenz,,,,1025,Pamigny
4205,Othmarsingen,,,,1026,Panthaz
4206,Rupperswil,,,,1027,Pany
4207,Schafisheim,,,,1028,Paspels
4208,Seengen,,,,1029,Payerne
4209,Seon,,,,1030,Pensier
421,Rumendingen,,,,1031,Penthalaz
4210,Staufen,,,,1032,Penthaz
422,Rüti bei Lyssach,,,,1033,Perrefitte
4221,Abtwil,,,,1034,Peseux
4222,Aristau,,,,1035,Pfaffnau
4223,Auw,,,,1036,Pfungen
4224,Beinwil (Freiamt),,,,1037,Pfyn
4226,Besenbüren,,,,1038,Pfäfers
4227,Bettwil,,,,1039,Pfäffikon
4228,Boswil,,,,1040,Pfäffikon ZH
4229,Bünzen,,,,1041,Pierrafortscha
423,Willadingen,,,,1042,Pignia
4230,Buttwil,,,,1043,Plaffeien
4231,Dietwil,,,,1044,Plagne
4232,Geltwil,,,,1045,Plan-les-Ouates
4233,Kallern,,,,1046,Plasselb
4234,Merenschwand,,,,1047,Plons
4235,Mühlau,,,,1048,Poliez-Le-Grand
4236,Muri (AG),,,,1049,Poliez-Pittet
4237,Oberrüti,,,,1050,Poliez-le-Grand
4238,Rottenschwil,,,,1051,Pomy
4239,Sins,,,,1052,Porrentruy
424,Wynigen,,,,1053,Port
4240,Waltenschwil,,,,1054,Portalban
4251,Hellikon,,,,1055,Poschiavo
4252,Kaiseraugst,,,,1056,Prangins
4253,Magden,,,,1057,Prato Leventina
4254,Möhlin,,,,1058,Pratteln
4255,Mumpf,,,,1059,Pratval
4256,Obermumpf,,,,1060,Pregassona
4257,Olsberg,,,,1061,Premploz
4258,Rheinfelden,,,,1062,Prez-vers-Siviriez
4259,Schupfart,,,,1063,Prilly
4260,Stein (AG),,,,1064,Präz
4261,Wallbach,,,,1065,Prêles
4262,Wegenstetten,,,,1066,Puidoux
4263,Zeiningen,,,,1067,Putz
4264,Zuzgen,,,,1068,Péry
4271,Aarburg,,,,1069,Quarten
4273,Bottenwil,,,,1070,Rabius
4274,Brittnau,,,,1071,Rafz
4275,Kirchleerau,,,,1072,Ramsen
4276,Kölliken,,,,1073,Ranflüh
4277,Moosleerau,,,,1074,Raperswilen
4279,Murgenthal,,,,1075,Raron
4280,Oftringen,,,,1076,Rebstein
4281,Reitnau,,,,1077,Rechthalten
4282,Rothrist,,,,1078,Rehetobel
4283,Safenwil,,,,1079,Reichenbach
4284,Staffelbach,,,,1080,Reidermoos
4285,Strengelbach,,,,1081,Reinach
4286,Uerkheim,,,,1082,Remetschwil
4287,Vordemwald,,,,1083,Rennaz
4288,Wiliberg,,,,1084,Rheinfelden
4289,Zofingen,,,,1085,Rhäzüns
43,Volken,,,,1086,Riaz
4301,Baldingen,,,,1087,Richterswil
4302,Böbikon,,,,1088,Ricken
4303,Böttstein,,,,1089,Rickenbach
4304,Döttingen,,,,1090,Ricketwil
4305,Endingen,,,,1091,Riddes
4306,Fisibach,,,,1092,Ried-Brig
4307,Full-Reuenthal,,,,1093,Ried-Mörel
4308,Kaiserstuhl,,,,1094,Riedholz
4309,Klingnau,,,,1095,Riedtwil
431,Corgémont,,,,1096,Riein
4310,Koblenz,,,,1097,Riffenmatt
4311,Leibstadt,,,,1098,Riggisberg
4312,Lengnau (AG),,,,1099,Ringgenberg
4313,Leuggern,,,,1100,Ringoldswil
4314,Mellikon,,,,1101,Rodersdorf
4315,Rekingen (AG),,,,1102,Roggwil
4316,Rietheim,,,,1103,Rolle
4317,Rümikon,,,,1104,Romanel-sur-Lausanne
4318,Schneisingen,,,,1105,Romanshorn
4319,Siglistorf,,,,1106,Rombach
432,Cormoret,,,,1107,Romont
4320,Tegerfelden,,,,1108,Rorschacherberg
4322,Wislikofen,,,,1109,Rossemaison
4323,Bad Zurzach,,,,1110,Rossens
433,Cortébert,,,,1111,Rosshäusern
434,Courtelary,,,,1112,Rossrüti
435,La Ferrière,,,,1113,Rothenburg
437,Mont-Tramelan,,,,1114,Rothenthurm
438,Orvin,,,,1115,Rothrist
4401,Arbon,,,,1116,Rothwald
4406,Dozwil,,,,1117,Rotkreuz
441,Renan ,,,,1118,Rudolfingen
4411,Egnach,,,,1119,Rudolfstetten AG
4416,Hefenhofen,,,,1120,Rueras
442,Romont ,,,,1121,Rupperswil
4421,Horn,,,,1122,Ruschein
4426,Kesswil,,,,1123,Russikon
443,Saint-Imier,,,,1124,Ruswil
4431,Roggwil (TG),,,,1125,Ruvigliana
4436,Romanshorn,,,,1126,Röthenbach
444,Sonceboz-Sombeval,,,,1127,Rüderswil
4441,Salmsach,,,,1128,Rüdlingen
4446,Sommeri,,,,1129,Rüeggisberg
445,Sonvilier,,,,1130,Rüegsauschachen
4451,Uttwil,,,,1131,Rüfenacht
446,Tramelan,,,,1132,Rüschegg
4461,Amriswil,,,,1133,Rüschegg-Gambach
4471,Bischofszell,,,,1134,Rüthi
4476,Erlen,,,,1135,Rüti
448,Villeret,,,,1136,Rüttenen
4486,Hauptwil-Gottshaus,,,,1137,S-Chanf
449,Sauge,,,,1138,Saas-Fee
4495,Hohentannen,,,,1139,Sachseln
450,Péry-La Heutte,,,,1140,Safenwil
4501,Kradolf-Schönenberg,,,,1141,Safien-Platz
4506,Sulgen,,,,1142,Safnern
4511,Zihlschlacht-Sitterdorf,,,,1143,Saignelégier
4536,Basadingen-Schlattingen,,,,1144,Saint-Blaise
4545,Diessenhofen,,,,1145,Saint-George
4546,Schlatt (TG),,,,1146,Saint-Gingolph
4551,Aadorf,,,,1147,Saint-Gingolphe
4561,Felben-Wellhausen,,,,1148,Saint-Livres
4566,Frauenfeld,,,,1149,Saint-Légier
4571,Gachnang,,,,1150,Saint-Martin
4590,Hüttlingen,,,,1151,Saint-Oyens
4591,Matzingen,,,,1152,Saint-Prex
4601,Neunforn,,,,1153,Sainte-Croix
4606,Stettfurt,,,,1154,Sala Capriasca
4611,Thundorf,,,,1155,Salez
4616,Uesslingen-Buch,,,,1156,Salins
4621,Warth-Weiningen,,,,1157,Samedan
4641,Altnau,,,,1158,Samstagern
4643,Bottighofen,,,,1159,Sargans
4646,Ermatingen,,,,1160,Sarn
4651,Gottlieben,,,,1161,Satigny
4656,Güttingen,,,,1162,Sauint-Légier
4666,Kemmental,,,,1163,Saulcy
4671,Kreuzlingen,,,,1164,Saules
4681,Langrickenbach,,,,1165,Savagnier
4683,Lengwil,,,,1166,Saviese
4691,Münsterlingen,,,,1167,Savigny
4696,Tägerwilen,,,,1168,Savièse
4701,Wäldi,,,,1169,Sax
4711,Affeltrangen,,,,1170,Saxon
4716,Bettwiesen,,,,1171,Saxonne Ayent
4721,Bichelsee-Balterswil,,,,1172,Schaffhausen
4723,Braunau,,,,1173,Schafisheim
4724,Eschlikon,,,,1174,Schangnau
4726,Fischingen,,,,1175,Scharnachtal
4741,Lommis,,,,1176,Schattdorf
4746,Münchwilen (TG),,,,1177,Schenkon
4751,Rickenbach (TG),,,,1178,Scherz
4756,Schönholzerswilen,,,,1179,Scherzingen
4761,Sirnach,,,,1180,Schlatt
4776,Tobel-Tägerschen,,,,1181,Schleitheim
4781,Wängi,,,,1182,Schliern b. Köniz
4786,Wilen (TG),,,,1183,Schmerikon
4791,Wuppenau,,,,1184,Schmitten
4801,Berlingen,,,,1185,Schnottwil
4806,Eschenz,,,,1186,Schocherswil
4811,Herdern,,,,1187,Schwadernau
4816,Homburg,,,,1188,Schwanden
4821,Hüttwilen,,,,1189,Schwarzenberg
4826,Mammern,,,,1190,Schwarzenburg
4831,Müllheim,,,,1191,Schwarzenegg
4841,Pfyn,,,,1192,Schwellbrunn
4846,Raperswilen,,,,1193,Schwendibach
4851,Salenstein,,,,1194,Schwyz
4864,Steckborn,,,,1195,Schänis
4871,Wagenhausen,,,,1196,Schöftland
4881,Amlikon-Bissegg,,,,1197,Schönenberg
4891,Berg (TG),,,,1198,Schönengrund
4901,Birwinken,,,,1199,Schönried
491,Brüttelen,,,,1200,Schüpfheim
4911,Bürglen (TG),,,,1201,Sciernes-d'Albeuve
492,Erlach,,,,1202,Scuol
4921,Bussnang,,,,1203,Sedrun
493,Finsterhennen,,,,1204,Seedorf
494,Gals,,,,1205,Seengen
4941,Märstetten,,,,1206,Seewen
4946,Weinfelden,,,,1207,Seewis
495,Gampelen,,,,1208,Seewis Dorf
4951,Wigoltingen,,,,1209,Seewis i.P.
496,Ins,,,,1210,Seftigen
497,Lüscherz,,,,1211,Selzach
498,Müntschemier,,,,1212,Sementina
499,Siselen,,,,1213,Sempach
5,Hedingen,,,,1214,Semsales
500,Treiten,,,,1215,Sennwald
5001,Arbedo-Castione,,,,1216,Senzach
5002,Bellinzona,,,,1217,Seon
5003,Cadenazzo,,,,1218,Sevaz
5009,Isone,,,,1219,Sevelen
501,Tschugg,,,,1220,Siblingen
5010,Lumino,,,,1221,Siebnen
5017,Sant'Antonino,,,,1222,Sierre
502,Vinelz,,,,1223,Signau
5048,Acquarossa,,,,1224,Sigriswil
5049,Blenio,,,,1225,Sins
5050,Serravalle,,,,1226,Sion
5061,Airolo,,,,1227,Sirnach
5063,Bedretto,,,,1228,Siselen
5064,Bodio,,,,1229,Sissach
5071,Dalpe,,,,1230,Sivieriez
5072,Faido,,,,1231,Siviriez
5073,Giornico,,,,1232,Solduno
5076,Personico,,,,1233,Solothurn
5077,Pollegio,,,,1234,Sonceboz-Sombeval
5078,Prato (Leventina),,,,1235,Sonvilier
5079,Quinto,,,,1236,Sorens
5091,Ascona,,,,1237,Soyhières
5399,Verzasca,,,,1238,Speicher
5096,Brione sopra Minusio,,,,1239,Spiegel
5097,Brissago,,,,1240,Spiegel b. Bern
51,Bachenbülach,,,,1241,Spiegel bei Bern
5108,Gordola,,,,1242,Spiez
5113,Locarno,,,,1243,Spiezwiler
5115,Losone,,,,1244,Spiringen
5117,Mergoscia,,,,1245,St Legier
5118,Minusio,,,,1246,St Légier
5120,Muralto,,,,1247,St-Imier
5121,Orselina,,,,1248,St-Livre
5125,Ronco sopra Ascona,,,,1249,St-Livres
5131,Tenero-Contra,,,,1250,St-Légier
5136,Onsernone,,,,1251,St-Maurice
5141,Agno,,,,1252,St-Sulpice
5143,Aranno,,,,1253,St. Aubin-Sauges
5144,Arogno,,,,1254,St. GAllen
5146,Astano,,,,1255,St. Gallen
5148,Bedano,,,,1256,St. Légier
5149,Bedigliora,,,,1257,St. Martin
5151,Bioggio,,,,1258,St. Moritz
5154,Bissone,,,,1259,St. Stephan
5160,Brusino Arsizio,,,,1260,St. Ursen
5161,Cademario,,,,1261,St.-Légier-la-Chiésaz
5162,Cadempino,,,,1262,St.Gallen
5167,Canobbio,,,,1263,St.Gallen-Winkeln
5171,Caslano,,,,1264,St.Moritz
5176,Comano,,,,1265,St.Niklausen
5239,Tresa,,,,1266,Staad
5180,Cureglia,,,,1267,Stadel
5181,Curio,,,,1268,Staffelbach
5186,Grancia,,,,1269,Stalden
5187,Gravesano,,,,1270,Staldenried
5189,Lamone,,,,1271,Stans
5192,Lugano,,,,1272,Starrkirch-Wil
5193,Magliaso,,,,1273,Staufen
5194,Manno,,,,1274,Steckborn
5195,Maroggia,,,,1275,Steffisburg
5196,Massagno,,,,1276,Stehrenberg
5197,Melano,,,,1277,Stein
5198,Melide,,,,1278,Stein am Rhein
5199,Mezzovico-Vira,,,,1279,Steinach
52,Bassersdorf,,,,1280,Steinebrunn
5200,Miglieglia,,,,1281,Steinen
5203,Morcote,,,,1282,Steinhausen
5205,Muzzano,,,,1283,Steinmaur
5206,Neggio,,,,1284,Stels
5207,Novaggio,,,,1285,Stettfurt
5208,Origlio,,,,1286,Stoos
5210,Paradiso,,,,1287,Strengelbach
5212,Ponte Capriasca,,,,1288,Studen
5214,Porza,,,,1289,Stäfa
5216,Pura,,,,1290,Suberg
5219,Rovio,,,,1291,Subingen
5221,Savosa,,,,1292,Suchy
5225,Sorengo,,,,1293,Sugiez
5226,Capriasca,,,,1294,Suhr
5227,Torricella-Taverne,,,,1295,Sulgen
5230,Vernate,,,,1296,Sulz
5231,Vezia,,,,1297,Sumiswald
5233,Vico Morcote,,,,1298,Summaprada
5236,Collina d'Oro,,,,1299,Sursee
5237,Alto Malcantone,,,,1300,Susch
5238,Monteceneri,,,,1301,Säriswil
5242,Balerna,,,,1302,Sörenberg
5249,Castel San Pietro,,,,1303,Sünikon
5250,Chiasso,,,,1304,Tafers
5251,Coldrerio,,,,1305,Tarasp
5254,Mendrisio,,,,1306,Tatroz
5257,Morbio Inferiore,,,,1307,Taverne
5260,Novazzano,,,,1308,Tegna
5263,Riva San Vitale,,,,1309,Tenna
5266,Stabio,,,,1310,Tenniken
5268,Vacallo,,,,1311,Tennwil
5269,Breggia,,,,1312,Teufen
5281,Biasca,,,,1313,Teuffenthal
5287,Riviera,,,,1314,Thal
53,Bülach,,,,1315,Thayngen
5304,Bosco/Gurin,,,,1316,Thierachern
5307,Campo (Vallemaggia),,,,1317,Thun
5309,Cerentino,,,,1318,Thun-Gwatt
5310,Cevio,,,,1319,Thundorf
5315,Linescio,,,,1320,Thunstetten
5317,Maggia,,,,1321,Thusis
5323,Lavizzara,,,,1322,Thörigen
5324,Avegno Gordevio,,,,1323,Titterten
533,Bätterkinden,,,,1324,Tomils
535,Deisswil bei Münchenbuchsee,,,,1325,Tramelan
536,Diemerswil,,,,1326,Trans
538,Fraubrunnen,,,,1327,Trasadingen
5391,C'za Cadenazzo/Monteceneri,,,,1328,Trey
5394,C'za Capriasca/Lugano,,,,1329,Treyvaux
5396,Terre di Pedemonte,,,,1330,Trimbach
5397,Centovalli,,,,1331,Trimmis
5398,Gambarogno,,,,1332,Trogen
54,Dietlikon,,,,1333,Troistorrents
540,Jegenstorf,,,,1334,Trub
5401,Aigle,,,,1335,Trubschachen
5402,Bex,,,,1336,Trübbach
5403,Chessel,,,,1337,Turbenthal
5404,Corbeyrier,,,,1338,Turtmann
5405,Gryon,,,,1339,Tuttwil
5406,Lavey-Morcles,,,,1340,Twann
5407,Leysin,,,,1341,Tägertschi
5408,Noville,,,,1342,Tägerwilen
5409,Ollon,,,,1343,Täuffelen
541,Iffwil,,,,1344,Törbel
5410,Ormont-Dessous,,,,1345,Udligenswil
5411,Ormont-Dessus,,,,1346,Uebeschi
5412,Rennaz,,,,1347,Uerikon
5413,Roche (VD),,,,1348,Uesslingen
5414,Villeneuve (VD),,,,1349,Uetendorf
5415,Yvorne,,,,1350,Uettligen
5656,Hautemorges,,,,1351,Uitikon-Waldegg
5423,Ballens,,,,1352,Umiken
5424,Berolle,,,,1353,Unterbäch
5425,Bière,,,,1354,Unterendingen
5426,Bougy-Villars,,,,1355,Unterengstringen
5427,Féchy,,,,1356,Unterentfelden
5428,Gimel,,,,1357,Unterlunkhofen
5429,Longirod,,,,1358,Unterseen
543,Mattstetten,,,,1359,Untersiggenthal
5430,Marchissy,,,,1360,Unterstammheim
5431,Mollens (VD),,,,1361,Unterwasser
5434,Saint-George,,,,1362,Unterägeri
5435,Saint-Livres,,,,1363,Urnäsch
5436,Saint-Oyens,,,,1364,Ursy
5437,Saubraz,,,,1365,Uster
544,Moosseedorf,,,,1366,Uttingen
5451,Avenches,,,,1367,Utzenstorf
5456,Cudrefin,,,,1368,Uvrier
5458,Faoug,,,,1369,Uznach
546,Münchenbuchsee,,,,1370,Uzwil
5464,Vully-les-Lacs,,,,1371,Uzwil SG
5471,Bettens,,,,1372,Vacallo
5472,Bournens,,,,1373,Val d'Illiez
5473,Boussens,,,,1374,Valens
5474,La Chaux (Cossonay),,,,1375,Valeyres sous Ursins
5475,Chavannes-le-Veyron,,,,1376,Vallorbe
5476,Chevilly,,,,1377,Vauffelin
5477,Cossonay,,,,1378,Vella
5479,Cuarnens,,,,1379,Vellerat
5480,Daillens,,,,1380,Veltheim
5481,Dizy,,,,1381,Vercorin
5482,Eclépens,,,,1382,Verscio
5483,Ferreyres,,,,1383,Vevey
5484,Gollion,,,,1384,Veysonnaz
5485,Grancy,,,,1385,Vezia
5486,L'Isle,,,,1386,Vich
5487,Lussery-Villars,,,,1387,Villargiroud
5488,Mauraz,,,,1388,Villarlod
5489,Mex (VD),,,,1389,Villars sur Glâne
5490,Moiry,,,,1390,Villars-le-Terroir
5491,Mont-la-Ville,,,,1391,Villars-s-Glâne
5492,Montricher,,,,1392,Villars-sur-Glâne
5493,Orny,,,,1393,Villaz-St-Pierre
5495,Penthalaz,,,,1394,Villeneuve
5496,Penthaz,,,,1395,Villeret
5497,Pompaples,,,,1396,Villigen
5498,La Sarraz,,,,1397,Villnachern
5499,Senarclens,,,,1398,Villorsonnens
55,Eglisau,,,,1399,Vilters
5501,Sullens,,,,1400,Visp
5503,Vufflens-la-Ville,,,,1401,Vitznau
551,Urtenen-Schönbühl,,,,1402,Volketswil
5511,Assens,,,,1403,Volleges
5512,Bercher,,,,1404,Vollèges
5514,Bottens,,,,1405,Vordemwald
5515,Bretigny-sur-Morrens,,,,1406,Vouvry
5516,Cugy (VD),,,,1407,Vuadens
5518,Echallens,,,,1408,Vuarrens
552,Utzenstorf,,,,1409,Vucherens
5520,Essertines-sur-Yverdon,,,,1410,Vufflens-la-Ville
5521,Etagnières,,,,1411,Vuissens
5522,Fey,,,,1412,Vuisternens-en-Ogoz
5523,Froideville,,,,1413,Vuiteboeuf
5527,Morrens (VD),,,,1414,Vulliens
5529,Oulens-sous-Echallens,,,,1415,Vérossaz
553,Wiggiswil,,,,1416,Wabern
5530,Pailly,,,,1417,Wagen
5531,Penthéréaz,,,,1418,Wagenhausen
5533,Poliez-Pittet,,,,1419,Wagerswil
5534,Rueyres,,,,1420,Wald
5535,Saint-Barthélemy (VD),,,,1421,Wald / AR
5537,Villars-le-Terroir,,,,1422,Walde
5539,Vuarrens,,,,1423,Waldkirch
554,Wiler bei Utzenstorf,,,,1424,Walenstadt
5540,Montilliez,,,,1425,Walenstadtberg
5541,Goumoëns,,,,1426,Wallenwil
5551,Bonvillars,,,,1427,Waltensburg
5552,Bullet,,,,1428,Waltenschwil
5553,Champagne,,,,1429,Walterswil
5554,Concise,,,,1430,Wangen
5555,Corcelles-près-Concise,,,,1431,Wangen b. Olten
5556,Fiez,,,,1432,Wangen bei Olten
5557,Fontaines-sur-Grandson,,,,1433,Wangenried
5559,Giez,,,,1434,Wangs
556,Zielebach,,,,1435,Watt
5560,Grandevent,,,,1436,Wattenwil
5561,Grandson,,,,1437,Wattwil
5562,Mauborget,,,,1438,Wauwil
5563,Mutrux,,,,1439,Weesen
5564,Novalles,,,,1440,Wegenstetten
5565,Onnens (VD),,,,1441,Weggis
5566,Provence,,,,1442,Weier i.E.
5568,Sainte-Croix,,,,1443,Weinfelden
557,Zuzwil ,,,,1444,Weingarten
5571,Tévenon,,,,1445,Weiningen
5581,Belmont-sur-Lausanne,,,,1446,Weissbad
5582,Cheseaux-sur-Lausanne,,,,1447,Weisslingen
5583,Crissier,,,,1448,Weisstannen
5584,Epalinges,,,,1449,Weite
5585,Jouxtens-Mézery,,,,1450,Wengen
5586,Lausanne,,,,1451,Wenslingen
5587,Le Mont-sur-Lausanne,,,,1452,Werdenberg
5588,Paudex,,,,1453,Wermatswil
5589,Prilly,,,,1454,Wettingen
5590,Pully,,,,1455,Wettswil
5591,Renens (VD),,,,1456,Wetzikon
5592,Romanel-sur-Lausanne,,,,1457,Wichtrach
56,Embrach,,,,1458,Widen
5601,Chexbres,,,,1459,Widnau
5604,Forel (Lavaux),,,,1460,Wiesenberg
5606,Lutry,,,,1461,Wiesendangen
5607,Puidoux,,,,1462,Wil
5609,Rivaz,,,,1463,Wil (AG)
561,Adelboden,,,,1464,Wil bei Turgi
5610,Saint-Saphorin (Lavaux),,,,1465,Wila
5611,Savigny,,,,1466,Wildegg
5613,Bourg-en-Lavaux,,,,1467,Wildhaus
562,Aeschi bei Spiez,,,,1468,Wilen
5621,Aclens,,,,1469,Wilen bei Wollerau
5622,Bremblens,,,,1470,Wiler
5623,Buchillon,,,,1471,Wiler Lötschen
5624,Bussigny,,,,1472,Wileroltigen
5627,Chavannes-près-Renens,,,,1473,Willerzell
5628,Chigny,,,,1474,Willisau
5629,Clarmont,,,,1475,Windisch
563,Frutigen,,,,1476,Winkel
5631,Denens,,,,1477,Winterberg
5632,Denges,,,,1478,Winterthur
5633,Echandens,,,,1479,Wittenbach
5634,Echichens,,,,1480,Wittnau
5635,Ecublens (VD),,,,1481,Wohlen
5636,Etoy,,,,1482,Wohlen AG
5637,Lavigny,,,,1483,Wohlen b. Bern
5638,Lonay,,,,1484,Wohlenschwil
5639,Lully (VD),,,,1485,Wolfertswil
564,Kandergrund,,,,1486,Wolfhalden
5640,Lussy-sur-Morges,,,,1487,Wolfhausen
5642,Morges,,,,1488,Wolfisberg
5643,Préverenges,,,,1489,Wolhusen
5645,Romanel-sur-Morges,,,,1490,Wollerau
5646,Saint-Prex,,,,1491,Worb
5648,Saint-Sulpice (VD),,,,1492,Worblaufen
5649,Tolochenaz,,,,1493,Worblaufen bei Bern
565,Kandersteg,,,,1494,Wynau
5650,Vaux-sur-Morges,,,,1495,Wädenswil
5651,Villars-Sainte-Croix,,,,1496,Wäldi
5652,Villars-sous-Yens,,,,1497,Wängi
5653,Vufflens-le-Château,,,,1498,Wöflinswil
5654,Vullierens,,,,1499,Wölflinswil
5655,Yens,,,,1500,Würenlingen
566,Krattigen,,,,1501,Würenlos
5661,Boulens,,,,1502,Yens
5663,Bussy-sur-Moudon,,,,1503,Yverdon
5665,Chavannes-sur-Moudon,,,,1504,Yvonand
5669,Curtilles,,,,1505,Zauggenried
567,Reichenbach im Kandertal,,,,1506,Zeihen
5671,Dompierre (VD),,,,1507,Zeiningen
5673,Hermenches,,,,1508,Zell
5674,Lovatens,,,,1509,Zermatt
5675,Lucens,,,,1510,Zezikon
5678,Moudon,,,,1511,Ziefen
5680,Ogens,,,,1512,Ziegelbrücke
5683,Prévonloup,,,,1513,Zihlschlacht
5684,Rossenges,,,,1514,Zillis
5688,Syens,,,,1515,Zimmerwald
5690,Villars-le-Comte,,,,1516,Zizers
5692,Vucherens,,,,1517,Zofingen
5693,Montanaire,,,,1518,Zollbrück
57,Freienstein-Teufen,,,,1519,Zollikofen
5701,Arnex-sur-Nyon,,,,1520,Zollikon
5702,Arzier-Le Muids,,,,1521,Zuchwil
5703,Bassins,,,,1522,Zuckenriet
5704,Begnins,,,,1523,Zufikon
5705,Bogis-Bossey,,,,1524,Zug
5706,Borex,,,,1525,Zullwil
5707,Chavannes-de-Bogis,,,,1526,Zunzgen
5708,Chavannes-des-Bois,,,,1527,Zuoz
5709,Chéserex,,,,1528,Zuzgen
571,Beatenberg,,,,1529,Zuzwil
5710,Coinsins,,,,1530,Zweidelen
5711,Commugny,,,,1531,Zweidlen
5712,Coppet,,,,1532,Zweisimmen
5714,Crassier,,,,1533,Zwingen
5715,Duillier,,,,1534,Züberwangen
5716,Eysins,,,,1535,Zürich
5717,Founex,,,,1536,champlan
5718,Genolier,,,,1537,la Tour-de-Peilz
5719,Gingins,,,,1538,le Vaud
572,Bönigen,,,,1539,le vaud
5720,Givrins,,,,,
5721,Gland,,,,,
5722,Grens,,,,,
5723,Mies,,,,,
5724,Nyon,,,,,
5725,Prangins,,,,,
5726,La Rippe,,,,,
5727,Saint-Cergue,,,,,
5728,Signy-Avenex,,,,,
5729,Tannay,,,,,
573,Brienz ,,,,,
5730,Trélex,,,,,
5731,Le Vaud,,,,,
5732,Vich,,,,,
574,Brienzwiler,,,,,
5741,L'Abergement,,,,,
5742,Agiez,,,,,
5743,Arnex-sur-Orbe,,,,,
5744,Ballaigues,,,,,
5745,Baulmes,,,,,
5746,Bavois,,,,,
5747,Bofflens,,,,,
5748,Bretonnières,,,,,
5749,Chavornay,,,,,
575,Därligen,,,,,
5750,Les Clées,,,,,
5752,Croy,,,,,
5754,Juriens,,,,,
5755,Lignerolle,,,,,
5756,Montcherand,,,,,
5757,Orbe,,,,,
5758,La Praz,,,,,
5759,Premier,,,,,
576,Grindelwald,,,,,
5760,Rances,,,,,
5761,Romainmôtier-Envy,,,,,
5762,Sergey,,,,,
5763,Valeyres-sous-Rances,,,,,
5764,Vallorbe,,,,,
5765,Vaulion,,,,,
5766,Vuiteboeuf,,,,,
577,Gsteigwiler,,,,,
578,Gündlischwand,,,,,
5785,Corcelles-le-Jorat,,,,,
5788,Essertes,,,,,
579,Habkern,,,,,
5790,Maracon,,,,,
5792,Montpreveyres,,,,,
5798,Ropraz,,,,,
5799,Servion,,,,,
58,Glattfelden,,,,,
580,Hofstetten bei Brienz,,,,,
5803,Vulliens,,,,,
5804,Jorat-Menthue,,,,,
5805,Oron,,,,,
5806,Jorat-Mézières,,,,,
581,Interlaken,,,,,
5812,Champtauroz,,,,,
5813,Chevroux,,,,,
5816,Corcelles-près-Payerne,,,,,
5817,Grandcour,,,,,
5819,Henniez,,,,,
582,Iseltwald,,,,,
5821,Missy,,,,,
5822,Payerne,,,,,
5827,Trey,,,,,
5828,Treytorrens (Payerne),,,,,
5830,Villarzel,,,,,
5831,Valbroye,,,,,
584,Lauterbrunnen,,,,,
5841,Château-d'Oex,,,,,
5842,Rossinière,,,,,
5843,Rougemont,,,,,
585,Leissigen,,,,,
5851,Allaman,,,,,
5852,Bursinel,,,,,
5853,Bursins,,,,,
5854,Burtigny,,,,,
5855,Dully,,,,,
5856,Essertines-sur-Rolle,,,,,
5857,Gilly,,,,,
5858,Luins,,,,,
5859,Mont-sur-Rolle,,,,,
586,Lütschental,,,,,
5860,Perroy,,,,,
5861,Rolle,,,,,
5862,Tartegnin,,,,,
5863,Vinzel,,,,,
587,Matten bei Interlaken,,,,,
5871,L'Abbaye,,,,,
5872,Le Chenit,,,,,
5873,Le Lieu,,,,,
588,Niederried bei Interlaken,,,,,
5881,Blonay,,,,,
5882,Chardonne,,,,,
5883,Corseaux,,,,,
5884,Corsier-sur-Vevey,,,,,
5885,Jongny,,,,,
5886,Montreux,,,,,
5888,Saint-Légier-La Chiésaz,,,,,
5889,La Tour-de-Peilz,,,,,
589,Oberried am Brienzersee,,,,,
5890,Vevey,,,,,
5891,Veytaux,,,,,
59,Hochfelden,,,,,
590,Ringgenberg ,,,,,
5902,Belmont-sur-Yverdon,,,,,
5903,Bioley-Magnoux,,,,,
5904,Chamblon,,,,,
5905,Champvent,,,,,
5907,Chavannes-le-Chêne,,,,,
5908,Chêne-Pâquier,,,,,
5909,Cheseaux-Noréaz,,,,,
591,Saxeten,,,,,
5910,Cronay,,,,,
5911,Cuarny,,,,,
5912,Démoret,,,,,
5913,Donneloye,,,,,
5914,Ependes (VD),,,,,
5919,Mathod,,,,,
592,Schwanden bei Brienz,,,,,
5921,Molondin,,,,,
5922,Montagny-près-Yverdon,,,,,
5923,Oppens,,,,,
5924,Orges,,,,,
5925,Orzens,,,,,
5926,Pomy,,,,,
5928,Rovray,,,,,
5929,Suchy,,,,,
593,Unterseen,,,,,
5930,Suscévaz,,,,,
5931,Treycovagnes,,,,,
5932,Ursins,,,,,
5933,Valeyres-sous-Montagny,,,,,
5934,Valeyres-sous-Ursins,,,,,
5935,Villars-Epeney,,,,,
5937,Vugelles-La Mothe,,,,,
5938,Yverdon-les-Bains,,,,,
5939,Yvonand,,,,,
594,Wilderswil,,,,,
6,Kappel am Albis,,,,,
60,Höri,,,,,
6002,Brig-Glis,,,,,
6004,Eggerberg,,,,,
6007,Naters,,,,,
6008,Ried-Brig,,,,,
6009,Simplon,,,,,
6010,Termen,,,,,
6011,Zwischbergen,,,,,
602,Arni ,,,,,
6021,Ardon,,,,,
6022,Chamoson,,,,,
6023,Conthey,,,,,
6024,Nendaz,,,,,
6025,Vétroz,,,,,
603,Biglen,,,,,
6032,Bourg-Saint-Pierre,,,,,
6033,Liddes,,,,,
6034,Orsières,,,,,
6035,Sembrancher,,,,,
605,Bowil,,,,,
6052,Bellwald,,,,,
6054,Binn,,,,,
6056,Ernen,,,,,
6057,Fiesch,,,,,
6058,Fieschertal,,,,,
606,Brenzikofen,,,,,
6061,Lax,,,,,
607,Freimettigen,,,,,
6076,Obergoms,,,,,
6077,Goms,,,,,
608,Grosshöchstetten,,,,,
6082,Ayent,,,,,
6083,Evolène,,,,,
6084,Hérémence,,,,,
6087,Saint-Martin (VS),,,,,
6089,Vex,,,,,
609,Häutligen,,,,,
6090,Mont-Noble,,,,,
61,Hüntwangen,,,,,
610,Herbligen,,,,,
6101,Agarn,,,,,
6102,Albinen,,,,,
6104,Ergisch,,,,,
6109,Inden,,,,,
611,Kiesen,,,,,
6110,Leuk,,,,,
6111,Leukerbad,,,,,
6112,Oberems,,,,,
6113,Salgesch,,,,,
6116,Varen,,,,,
6117,Guttet-Feschel,,,,,
6118,Gampel-Bratsch,,,,,
6119,Turtmann-Unterems,,,,,
612,Konolfingen,,,,,
613,Landiswil,,,,,
6131,Bovernier,,,,,
6133,Fully,,,,,
6134,Isérables,,,,,
6135,Leytron,,,,,
6137,Martigny-Combe,,,,,
6139,Riddes,,,,,
614,Linden,,,,,
6140,Saillon,,,,,
6141,Saxon,,,,,
6142,Trient,,,,,
615,Mirchel,,,,,
6151,Champéry,,,,,
6152,Collombey-Muraz,,,,,
6153,Monthey,,,,,
6154,Port-Valais,,,,,
6155,Saint-Gingolph,,,,,
6156,Troistorrents,,,,,
6157,Val-d'Illiez,,,,,
6158,Vionnaz,,,,,
6159,Vouvry,,,,,
616,Münsingen,,,,,
617,Niederhünigen,,,,,
6172,Bister,,,,,
6173,Bitsch,,,,,
6177,Grengiols,,,,,
6181,Riederalp,,,,,
619,Oberdiessbach,,,,,
6191,Ausserberg,,,,,
6192,Blatten,,,,,
6193,Bürchen,,,,,
6194,Eischoll,,,,,
6195,Ferden,,,,,
6197,Kippel,,,,,
6198,Niedergesteln,,,,,
6199,Raron,,,,,
62,Kloten,,,,,
620,Oberthal,,,,,
6201,Unterbäch,,,,,
6202,Wiler (Lötschen),,,,,
6203,Mörel-Filet,,,,,
6204,Steg-Hohtenn,,,,,
6205,Bettmeralp,,,,,
6211,Collonges,,,,,
6212,Dorénaz,,,,,
6213,Evionnaz,,,,,
6214,Finhaut,,,,,
6215,Massongex,,,,,
6217,Saint-Maurice,,,,,
6218,Salvan,,,,,
6219,Vernayaz,,,,,
622,Oppligen,,,,,
6220,Vérossaz,,,,,
623,Rubigen,,,,,
6232,Chalais,,,,,
6235,Chippis,,,,,
6238,Grône,,,,,
6239,Icogne,,,,,
6240,Lens,,,,,
6246,Saint-Léonard,,,,,
6248,Sierre,,,,,
6252,Anniviers,,,,,
6253,Crans-Montana,,,,,
626,Walkringen,,,,,
6261,Arbaz,,,,,
6263,Grimisuat,,,,,
6265,Savièse,,,,,
6266,Sion,,,,,
6267,Veysonnaz,,,,,
627,Worb,,,,,
628,Zäziwil,,,,,
6281,Baltschieder,,,,,
6282,Eisten,,,,,
6283,Embd,,,,,
6285,Grächen,,,,,
6286,Lalden,,,,,
6287,Randa,,,,,
6288,Saas-Almagell,,,,,
6289,Saas-Balen,,,,,
629,Oberhünigen,,,,,
6290,Saas-Fee,,,,,
6291,Saas-Grund,,,,,
6292,St. Niklaus,,,,,
6293,Stalden (VS),,,,,
6294,Staldenried,,,,,
6295,Täsch,,,,,
6296,Törbel,,,,,
6297,Visp,,,,,
6298,Visperterminen,,,,,
6299,Zeneggen,,,,,
63,Lufingen,,,,,
630,Allmendingen,,,,,
6300,Zermatt,,,,,
632,Wichtrach,,,,,
64,Nürensdorf,,,,,
6404,Boudry,,,,,
6408,Cortaillod,,,,,
6413,Rochefort,,,,,
6416,Milvignes,,,,,
6417,La Grande Béroche,,,,,
6421,La Chaux-de-Fonds,,,,,
6422,Les Planchettes,,,,,
6423,La Sagne,,,,,
6432,La Brévine,,,,,
6433,Brot-Plamboz,,,,,
6434,Le Cerneux-Péquignot,,,,,
6435,La Chaux-du-Milieu,,,,,
6437,Les Ponts-de-Martel,,,,,
6451,Cornaux,,,,,
6452,Cressier (NE),,,,,
6453,Enges,,,,,
6454,Hauterive (NE),,,,,
6455,Le Landeron,,,,,
6456,Lignières,,,,,
6459,Saint-Blaise,,,,,
6461,La Tène,,,,,
6487,Val-de-Ruz,,,,,
65,Oberembrach,,,,,
6504,La Côte-aux-Fées,,,,,
6511,Les Verrières,,,,,
6512,Val-de-Travers,,,,,
66,Opfikon,,,,,
6601,Aire-la-Ville,,,,,
6602,Anières,,,,,
6603,Avully,,,,,
6604,Avusy,,,,,
6605,Bardonnex,,,,,
6606,Bellevue,,,,,
6607,Bernex,,,,,
6608,Carouge (GE),,,,,
6609,Cartigny,,,,,
661,Clavaleyres,,,,,
6610,Céligny,,,,,
6611,Chancy,,,,,
6612,Chêne-Bougeries,,,,,
6613,Chêne-Bourg,,,,,
6614,Choulex,,,,,
6615,Collex-Bossy,,,,,
6616,Collonge-Bellerive,,,,,
6617,Cologny,,,,,
6618,Confignon,,,,,
6619,Corsier (GE),,,,,
662,Ferenbalm,,,,,
6620,Dardagny,,,,,
6621,Genève,,,,,
6622,Genthod,,,,,
6623,Le Grand-Saconnex,,,,,
6624,Gy,,,,,
6625,Hermance,,,,,
6626,Jussy,,,,,
6627,Laconnex,,,,,
6628,Lancy,,,,,
6629,Meinier,,,,,
663,Frauenkappelen,,,,,
6630,Meyrin,,,,,
6631,Onex,,,,,
6632,Perly-Certoux,,,,,
6633,Plan-les-Ouates,,,,,
6634,Pregny-Chambésy,,,,,
6635,Presinge,,,,,
6636,Puplinge,,,,,
6637,Russin,,,,,
6638,Satigny,,,,,
6639,Soral,,,,,
6640,Thônex,,,,,
6641,Troinex,,,,,
6642,Vandoeuvres,,,,,
6643,Vernier,,,,,
6644,Versoix,,,,,
6645,Veyrier,,,,,
665,Gurbrü,,,,,
666,Kriechenwil,,,,,
667,Laupen,,,,,
668,Mühleberg,,,,,
669,Münchenwiler,,,,,
67,Rafz,,,,,
670,Neuenegg,,,,,
6702,Boécourt,,,,,
6703,Bourrignon,,,,,
6704,Châtillon (JU),,,,,
6706,Courchapoix,,,,,
6708,Courrendlin,,,,,
6709,Courroux,,,,,
671,Wileroltigen,,,,,
6710,Courtételle,,,,,
6711,Delémont,,,,,
6712,Develier,,,,,
6713,Ederswiler,,,,,
6715,Mervelier,,,,,
6716,Mettembert,,,,,
6718,Movelier,,,,,
6719,Pleigne,,,,,
6721,Rossemaison,,,,,
6722,Saulcy,,,,,
6724,Soyhières,,,,,
6729,Haute-Sorne,,,,,
6730,Val Terbi,,,,,
6741,Le Bémont (JU),,,,,
6742,Les Bois,,,,,
6743,Les Breuleux,,,,,
6744,La Chaux-des-Breuleux,,,,,
6745,Les Enfers,,,,,
6748,Les Genevez (JU),,,,,
6750,Lajoux (JU),,,,,
6751,Montfaucon,,,,,
6753,Muriaux,,,,,
6754,Le Noirmont,,,,,
6757,Saignelégier,,,,,
6758,Saint-Brais,,,,,
6759,Soubey,,,,,
6771,Alle,,,,,
6773,Beurnevésin,,,,,
6774,Boncourt,,,,,
6775,Bonfol,,,,,
6778,Bure,,,,,
6781,Coeuve,,,,,
6782,Cornol,,,,,
6783,Courchavon,,,,,
6784,Courgenay,,,,,
6785,Courtedoux,,,,,
6787,Damphreux,,,,,
6789,Fahy,,,,,
6790,Fontenais,,,,,
6792,Grandfontaine,,,,,
6793,Lugnez,,,,,
68,Rorbas,,,,,
6800,Porrentruy,,,,,
6806,Vendlincourt,,,,,
6807,Basse-Allaine,,,,,
6808,Clos du Doubs,,,,,
6809,Haute-Ajoie,,,,,
681,Belprahon,,,,,
6810,La Baroche,,,,,
683,Champoz,,,,,
687,Corcelles ,,,,,
69,Wallisellen,,,,,
690,Court,,,,,
691,Crémines,,,,,
692,Eschert,,,,,
694,Grandval,,,,,
696,Loveresse,,,,,
7,Knonau,,,,,
70,Wasterkingen,,,,,
700,Moutier,,,,,
701,Perrefitte,,,,,
703,Reconvilier,,,,,
704,Roches ,,,,,
706,Saicourt,,,,,
707,Saules ,,,,,
708,Schelten,,,,,
709,Seehof,,,,,
71,Wil (ZH),,,,,
711,Sorvilier,,,,,
713,Tavannes,,,,,
715,Rebévelier,,,,,
716,Petit-Val,,,,,
717,Valbirse,,,,,
72,Winkel,,,,,
723,La Neuveville,,,,,
724,Nods,,,,,
726,Plateau de Diesse,,,,,
731,Aegerten,,,,,
732,Bellmund,,,,,
733,Brügg,,,,,
734,Bühl,,,,,
735,Epsach,,,,,
736,Hagneck,,,,,
737,Hermrigen,,,,,
738,Jens,,,,,
739,Ipsach,,,,,
740,Ligerz,,,,,
741,Merzligen,,,,,
742,Mörigen,,,,,
743,Nidau,,,,,
744,Orpund,,,,,
745,Port,,,,,
746,Safnern,,,,,
747,Scheuren,,,,,
748,Schwadernau,,,,,
749,Studen ,,,,,
750,Sutz-Lattrigen,,,,,
751,Täuffelen,,,,,
754,Walperswil,,,,,
755,Worben,,,,,
756,Twann-Tüscherz,,,,,
761,Därstetten,,,,,
762,Diemtigen,,,,,
763,Erlenbach im Simmental,,,,,
766,Oberwil im Simmental,,,,,
767,Reutigen,,,,,
768,Spiez,,,,,
769,Wimmis,,,,,
770,Stocken-Höfen,,,,,
782,Guttannen,,,,,
783,Hasliberg,,,,,
784,Innertkirchen,,,,,
785,Meiringen,,,,,
786,Schattenhalb,,,,,
791,Boltigen,,,,,
792,Lenk,,,,,
793,St. Stephan,,,,,
794,Zweisimmen,,,,,
8,Maschwanden,,,,,
81,Bachs,,,,,
82,Boppelsen,,,,,
83,Buchs (ZH),,,,,
84,Dällikon,,,,,
841,Gsteig,,,,,
842,Lauenen,,,,,
843,Saanen,,,,,
85,Dänikon,,,,,
852,Guggisberg,,,,,
853,Rüschegg,,,,,
855,Schwarzenburg,,,,,
86,Dielsdorf,,,,,
861,Belp,,,,,
863,Burgistein,,,,,
866,Gerzensee,,,,,
867,Gurzelen,,,,,
868,Jaberg,,,,,
869,Kaufdorf,,,,,
87,Hüttikon,,,,,
870,Kehrsatz,,,,,
872,Kirchdorf ,,,,,
889,Thurnen,,,,,
877,Niedermuhlern,,,,,
88,Neerach,,,,,
880,Rüeggisberg,,,,,
883,Seftigen,,,,,
884,Toffen,,,,,
885,Uttigen,,,,,
886,Wattenwil,,,,,
888,Wald ,,,,,
89,Niederglatt,,,,,
9,Mettmenstetten,,,,,
90,Niederhasli,,,,,
901,Eggiwil,,,,,
902,Langnau im Emmental,,,,,
903,Lauperswil,,,,,
904,Röthenbach im Emmental,,,,,
905,Rüderswil,,,,,
906,Schangnau,,,,,
907,Signau,,,,,
908,Trub,,,,,
909,Trubschachen,,,,,
91,Niederweningen,,,,,
92,Oberglatt,,,,,
921,Amsoldingen,,,,,
922,Blumenstein,,,,,
923,Buchholterberg,,,,,
924,Eriz,,,,,
925,Fahrni,,,,,
927,Heiligenschwendi,,,,,
928,Heimberg,,,,,
929,Hilterfingen,,,,,
93,Oberweningen,,,,,
931,Homberg,,,,,
932,Horrenbach-Buchen,,,,,
934,Oberhofen am Thunersee,,,,,
935,Oberlangenegg,,,,,
936,Pohlern,,,,,
938,Sigriswil,,,,,
939,Steffisburg,,,,,
94,Otelfingen,,,,,
940,Teuffenthal ,,,,,
941,Thierachern,,,,,
942,Thun,,,,,
943,Uebeschi,,,,,
944,Uetendorf,,,,,
945,Unterlangenegg,,,,,
946,Wachseldorn,,,,,
947,Zwieselberg,,,,,
948,Forst-Längenbühl,,,,,
95,Regensberg,,,,,
951,Affoltern im Emmental,,,,,
952,Dürrenroth,,,,,
953,Eriswil,,,,,
954,Huttwil,,,,,
955,Lützelflüh,,,,,
956,Rüegsau,,,,,
957,Sumiswald,,,,,
958,Trachselwald,,,,,
959,Walterswil ,,,,,
96,Regensdorf,,,,,
960,Wyssachen,,,,,
97,Rümlang,,,,,
971,Attiswil,,,,,
972,Berken,,,,,
973,Bettenhausen,,,,,
975,Farnern,,,,,
976,Graben,,,,,
977,Heimenhausen,,,,,
979,Herzogenbuchsee,,,,,
98,Schleinikon,,,,,
980,Inkwil,,,,,
981,Niederbipp,,,,,
982,Niederönz,,,,,
983,Oberbipp,,,,,
985,Ochlenberg,,,,,
987,Rumisberg,,,,,
988,Seeberg,,,,,
989,Thörigen,,,,,
99,Schöfflisdorf,,,,,
990,Walliswil bei Niederbipp,,,,,
991,Walliswil bei Wangen,,,,,
992,Wangen an der Aare,,,,,
993,Wangenried,,,,,
995,Wiedlisbach,,,,,
5138,Cugnasco-Gerra,,,,,
5112,Lavertezzo,,,,,
1030,Hitzkirch,,,,,
1214,Seedorf ,,,,,
2044,Surpierre,,,,,
2238,Bois-d'Amont,,,,,
2306,Tafers,,,,,
2430,Welschenrohr-Gänsbrunnen,,,,,
2499,Stüsslingen,,,,,
3715,Muntogna da Schons,,,,,
1151,Willisau,,,,,
879,Riggisberg,,,,,
409,Hindelbank,,,,,
329,Langenthal,,,,,
6436,Le Locle,,,,,
6458,Neuchâtel,,,,,
6254,Noble-Contrée,,,,,
6136,Martigny,,,,,
6037,Val de Bagnes,,,,,
5422,Aubonne,,,,,
3901,Chur,,,,,
5713,Crans (VD),,,,,
3871,Klosters,,,,,
